-- MariaDB dump 10.19  Distrib 10.5.19-MariaDB, for Linux (x86_64)
--
-- Host: mysql.hostinger.ro    Database: u574849695_22
-- ------------------------------------------------------
-- Server version	10.5.19-MariaDB-cll-lve

/*!40101 SET @OLD_CHARACTER_SET_CLIENT=@@CHARACTER_SET_CLIENT */;
/*!40101 SET @OLD_CHARACTER_SET_RESULTS=@@CHARACTER_SET_RESULTS */;
/*!40101 SET @OLD_COLLATION_CONNECTION=@@COLLATION_CONNECTION */;
/*!40101 SET NAMES utf8mb4 */;
/*!40103 SET @OLD_TIME_ZONE=@@TIME_ZONE */;
/*!40103 SET TIME_ZONE='+00:00' */;
/*!40014 SET @OLD_UNIQUE_CHECKS=@@UNIQUE_CHECKS, UNIQUE_CHECKS=0 */;
/*!40014 SET @OLD_FOREIGN_KEY_CHECKS=@@FOREIGN_KEY_CHECKS, FOREIGN_KEY_CHECKS=0 */;
/*!40101 SET @OLD_SQL_MODE=@@SQL_MODE, SQL_MODE='NO_AUTO_VALUE_ON_ZERO' */;
/*!40111 SET @OLD_SQL_NOTES=@@SQL_NOTES, SQL_NOTES=0 */;

--
-- Table structure for table `articles`
--

DROP TABLE IF EXISTS `articles`;
/*!40101 SET @saved_cs_client     = @@character_set_client */;
/*!40101 SET character_set_client = utf8 */;
CREATE TABLE `articles` (
  `id` bigint(20) unsigned NOT NULL AUTO_INCREMENT,
  `name` varchar(100) DEFAULT NULL,
  `body` text DEFAULT NULL,
  `created_at` datetime DEFAULT current_timestamp(),
  `updated_at` datetime DEFAULT current_timestamp(),
  PRIMARY KEY (`id`),
  KEY `articles_name_idx` (`name`)
) ENGINE=InnoDB AUTO_INCREMENT=101 DEFAULT CHARSET=utf8mb4 COLLATE=utf8mb4_unicode_ci;
/*!40101 SET character_set_client = @saved_cs_client */;

--
-- Dumping data for table `articles`
--

LOCK TABLES `articles` WRITE;
/*!40000 ALTER TABLE `articles` DISABLE KEYS */;
INSERT INTO `articles` VALUES (1,'odio','Sint et mollitia dolores et. Commodi doloremque voluptatem voluptas fugiat ex aut et. Beatae necessitatibus dolore praesentium culpa nesciunt. Quia voluptatem aperiam eum ipsam non iste suscipit. Qui consectetur dolor error.','1992-06-06 01:59:48','1978-03-21 02:05:02'),(2,'aut','Et perspiciatis natus quaerat blanditiis occaecati. Voluptatem voluptas et repellat temporibus quibusdam qui suscipit cupiditate. Quis iure libero natus quia sit rem in. Molestiae necessitatibus sit voluptas labore culpa non.','1972-05-11 11:22:00','1980-04-23 22:48:38'),(3,'sit','Laudantium adipisci est vel consequatur odio omnis. Ad maiores nulla aut et voluptatem beatae. Optio eum corrupti ut maxime aut.','2021-12-02 20:49:47','1983-09-30 15:50:53'),(4,'voluptatem','Quidem labore quis suscipit animi illo molestiae. Optio repellendus accusamus ipsam. Enim perspiciatis velit illum temporibus. Atque et voluptates aut earum ipsum.','1987-09-30 18:53:18','1972-11-26 18:38:41'),(5,'aut','Aut laborum exercitationem voluptas animi laboriosam rerum voluptatum. Dolore qui voluptatem magni consequatur aliquid animi. Quia temporibus delectus sed velit dolorem dignissimos. Vitae itaque voluptas molestiae. Quaerat sit sed corrupti est voluptas rem aut ipsa.','2015-01-08 04:40:34','2016-09-25 13:17:36'),(6,'est','Suscipit inventore officia dolor dolores et explicabo. Dolor distinctio ducimus quod et consequuntur facere quisquam. Autem est quam dolorem minus sapiente. Quod ut alias vel natus laboriosam aut.','2021-03-09 05:55:16','1990-01-21 22:09:49'),(7,'laudantium','Beatae nam nihil rerum minima corporis aut reiciendis. Sapiente quas exercitationem temporibus. Accusantium corrupti maiores ut esse.','2013-02-07 08:30:31','1978-06-01 06:32:22'),(8,'optio','Nostrum provident blanditiis expedita praesentium. Officia harum vero sed eos dolorem aperiam natus quod. Laborum vitae eos itaque minima incidunt necessitatibus maiores.','2021-04-12 08:41:54','2003-07-09 16:46:31'),(9,'quae','Consequuntur deserunt et hic voluptatibus dolores eius ex optio. Perferendis non nihil veniam voluptatum et repudiandae aut. Eaque ipsa sunt autem ut quia hic. Eveniet asperiores suscipit maiores et maiores minima itaque.','1984-05-03 22:26:32','1975-01-29 06:33:55'),(10,'amet','Soluta mollitia voluptates earum impedit. Nihil fugiat et illum dolores quidem. Est officiis quia nihil nesciunt. Unde quas dolores sit nihil non iste autem. Et sint animi vel quae animi velit.','2022-11-22 22:38:25','1984-01-04 13:08:11'),(11,'et','Voluptas ut id nulla at maiores. Nihil laudantium illum in est dolorem odio. Consectetur ut cupiditate pariatur officia. At quos expedita quod reiciendis eligendi. Velit et quae optio eaque inventore qui.','1995-06-26 00:13:08','1996-02-11 15:39:35'),(12,'commodi','Est quia aut dignissimos ut ipsam. Laboriosam est voluptates laborum reiciendis aut repellat maiores. Cum molestias voluptas deleniti praesentium accusamus.','1983-03-10 17:04:49','1997-07-02 11:25:58'),(13,'ut','Quae molestiae voluptas tempore omnis porro. Ipsum recusandae error consequuntur placeat. Nisi molestiae cumque voluptatibus.','1974-03-25 16:06:27','1992-06-25 22:56:12'),(14,'aperiam','Ut ipsam eum illo. Aut officiis iusto voluptas expedita modi incidunt non. Explicabo dolores error mollitia aliquam.','1976-03-26 06:22:25','1995-06-19 22:15:33'),(15,'qui','Aspernatur eveniet nostrum velit velit reiciendis architecto quam placeat. Praesentium expedita at voluptas cumque. Aut culpa reprehenderit similique rem similique ipsam accusantium. Ratione praesentium laudantium velit libero vel necessitatibus.','2017-11-15 08:45:29','2000-09-23 12:29:50'),(16,'quia','Minima aspernatur est quisquam eius eos unde sunt. Enim eos culpa maxime sunt et.','2016-10-06 01:01:43','1973-03-08 15:52:53'),(17,'porro','Minus quae deleniti alias nobis aut aspernatur iure. Fuga laborum sit aliquid laborum magni. Voluptas deserunt dolorum harum vero. Ut voluptatem aspernatur totam exercitationem et expedita. Amet qui provident aliquid magnam quisquam explicabo.','2009-03-21 20:37:39','2013-01-07 12:45:06'),(18,'sit','Similique omnis est non necessitatibus eum ut eum porro. In est explicabo eaque sed ullam voluptatem. Quis nemo ut rerum velit quod dolorem et.','1970-07-10 03:08:51','1992-05-22 21:10:09'),(19,'et','Ut voluptate sunt debitis id. Et dignissimos tempora natus reiciendis dicta aut. Consequatur repudiandae accusamus adipisci odit. Voluptatem molestiae nisi accusantium doloremque dicta magnam.','1975-07-31 22:03:54','1993-04-17 13:39:56'),(20,'sit','Voluptatum voluptas delectus eum magnam id quasi dignissimos. At atque quis ad maxime. Quod dignissimos neque quia et aut omnis.','1998-01-12 11:55:37','1998-02-16 22:57:24'),(21,'sequi','Perspiciatis illum exercitationem et. Similique provident repellat molestiae ex molestiae laudantium. Soluta aliquid magnam soluta nesciunt in.','1996-07-05 04:39:09','1983-08-25 14:24:47'),(22,'qui','Veniam itaque incidunt deserunt quia qui. Qui possimus occaecati qui sed illum. Illo dolorem iusto sint quod. Pariatur molestiae aut deserunt nostrum.','1985-02-04 15:54:39','1992-05-29 03:02:23'),(23,'est','Laborum nihil odio ducimus enim rem. Quaerat omnis magni dicta ullam debitis voluptatem. Tempora rerum quia fuga et libero. Consequatur quaerat reprehenderit atque error culpa ea.','1979-11-08 10:02:46','2009-06-08 10:30:06'),(24,'dicta','Sunt veniam et excepturi. Quia quia illo nulla nulla vitae quos dolor rem. Dolor qui occaecati ut harum quo voluptate reiciendis inventore. Laborum qui quis sed exercitationem.','1974-09-01 16:32:30','1988-11-11 07:25:56'),(25,'dignissimos','Animi et repellendus officiis ut consequatur quia. Nihil esse deserunt eos voluptas. Unde cupiditate quasi dolorem similique.','2002-03-31 11:16:33','2013-01-21 13:52:35'),(26,'in','Fugiat sed architecto a repudiandae vero tenetur. Quasi est necessitatibus error nisi enim. Molestias voluptatum ratione sit quos. Et et voluptate iste dolorem nemo.','1984-05-13 08:53:02','2011-11-26 04:19:31'),(27,'mollitia','Quasi dolor in earum beatae soluta in aut perferendis. Quae quo consequatur accusamus aspernatur. Eligendi quod dolor rerum. Magni qui fugit repudiandae omnis ut qui. Saepe aut omnis totam ducimus soluta.','1983-12-14 10:05:48','1992-04-01 20:14:01'),(28,'debitis','Praesentium consequatur consectetur debitis quam dolore perspiciatis. Consequatur animi placeat magni optio alias voluptas nulla. Ex et tenetur excepturi accusantium. Dolorum fuga quia natus molestiae non. Possimus qui ut ipsum eius ipsam rerum mollitia sequi.','2019-08-08 07:26:33','1973-11-13 20:12:46'),(29,'voluptatem','Fuga dolorum facilis adipisci nesciunt aut omnis. Voluptatum quo recusandae eum. Quos aut ut et sit natus nihil numquam. Ut qui ducimus libero alias.','2017-11-23 09:29:37','1994-11-07 09:34:15'),(30,'explicabo','Illo aut eligendi neque dolores. Necessitatibus placeat repellat officiis labore. Atque est dolorem vitae quod cumque.','2015-10-06 00:09:23','1971-07-30 17:08:14'),(31,'in','Totam reprehenderit omnis aut in est. Aspernatur et doloremque dolore ut nesciunt occaecati deleniti voluptas. Sed officia fuga est eum officia omnis. Voluptatem dolorum quis rerum quia. Dignissimos et reprehenderit quisquam vitae aliquam ratione perspiciatis.','2004-04-26 04:13:35','2000-06-25 20:00:53'),(32,'harum','Magni reprehenderit magni tempora. Facere quia cum fugiat mollitia aliquid unde. Laudantium natus aliquid deserunt nostrum delectus possimus odit ad.','1971-10-01 13:52:43','1991-07-03 09:02:53'),(33,'alias','Laborum mollitia exercitationem quas quis possimus. Sit omnis ea eius. Distinctio dolorem praesentium fugiat molestiae provident esse.','2017-04-28 09:26:47','1995-05-02 02:55:50'),(34,'beatae','Possimus officiis suscipit omnis. Sed nulla adipisci qui ut est. Accusantium enim autem est blanditiis dolore non.','1977-03-02 20:37:38','2004-09-05 14:43:38'),(35,'aut','Aut ullam est doloremque possimus voluptatum quam quos quo. Quaerat qui et aut aspernatur. Possimus consequatur voluptatem rerum dolorem facilis aut quis.','2013-10-09 20:13:15','2004-01-18 06:48:42'),(36,'sint','Nemo accusantium qui facilis. Reprehenderit modi minus est sunt ut debitis et. Adipisci dolorem quaerat aut voluptas iure. Voluptas qui et quasi praesentium quis non corporis.','2013-01-25 12:50:44','2003-12-12 03:57:42'),(37,'veniam','Ab reiciendis exercitationem et nisi aut in perspiciatis. Et quibusdam molestiae itaque sint nam. Ut voluptas voluptates ut dignissimos animi perferendis.','1975-05-14 21:13:17','2002-06-30 18:57:02'),(38,'sit','Neque sint quos error et. Rem consequatur rerum quae in libero saepe. Illum rem aut et.','1981-06-13 23:38:19','1970-09-05 15:50:15'),(39,'voluptatem','Laudantium corporis saepe quos veniam nihil dolore. Laborum magnam vitae mollitia et quis omnis. Repellendus tempora tempore delectus voluptatibus voluptatem eum est id. Voluptatem earum consequatur deleniti et.','2018-09-13 09:08:17','1971-04-26 04:39:59'),(40,'provident','Itaque aliquid est enim molestiae modi porro illum qui. Quam praesentium dolores eaque illum consequuntur iure numquam. Veniam est magnam sapiente impedit et.','2005-06-22 23:08:23','2011-10-29 00:35:25'),(41,'alias','Et aut placeat numquam aut veniam. Pariatur maiores quis quam nostrum voluptatum ut sed. Quis qui ea nihil. Esse ea unde cupiditate vel.','2005-08-11 23:34:37','2022-06-12 13:04:37'),(42,'rerum','Consectetur eos et reiciendis hic. Ipsum numquam nisi ut qui. Aut consequuntur rerum quia quos sed. Voluptates maiores omnis velit doloremque sit itaque et a.','2016-02-16 03:06:54','2010-02-10 04:07:58'),(43,'vel','Sit odit et accusantium voluptate rerum sit. Consequuntur voluptatem praesentium commodi ut. Assumenda autem porro numquam velit iste dolore. Nemo soluta temporibus dolor ipsa.','1985-12-04 03:41:38','1977-04-22 23:18:58'),(44,'aut','Voluptas nostrum iusto voluptas debitis ducimus facere occaecati optio. Qui voluptates animi nemo earum optio. Aspernatur tempore perferendis corrupti nesciunt ad qui.','1978-02-04 02:27:56','1994-04-15 23:34:17'),(45,'qui','Nisi voluptate impedit ut repellat nulla dolorem cupiditate sequi. Occaecati sint libero eveniet fugiat ipsa. Eligendi et ratione sequi distinctio nam aliquid. Rerum explicabo hic voluptas voluptatum qui nesciunt molestiae.','2002-11-23 19:05:09','1976-01-24 15:47:56'),(46,'velit','Incidunt rerum et sint quia neque. Perspiciatis facilis libero sit perspiciatis. Facilis consequatur aliquid quam illum sit.','1985-09-22 02:33:56','1976-05-19 02:25:42'),(47,'optio','Eos aut aspernatur odit ut ipsam recusandae ipsum. Vero dolores a nam praesentium ullam laboriosam voluptates.','1988-04-14 16:12:53','1974-02-17 10:50:38'),(48,'neque','Qui dolores magnam quis quisquam rerum qui et. Aperiam non omnis impedit et in nostrum non. Voluptas quod enim optio in autem. Voluptates sint dolores et id praesentium odio.','1974-05-21 02:03:41','2021-12-31 20:40:57'),(49,'ex','Consectetur et sunt totam natus ab natus porro. Ut possimus perferendis explicabo aut eum. Veniam eius autem est qui. Ut deleniti aspernatur vitae omnis.','1989-10-30 09:09:12','2002-05-21 07:50:08'),(50,'sed','Repudiandae tempore eius soluta recusandae. Molestiae eaque aut at unde accusantium. Et dolorem voluptate sint ab eum qui labore.','2002-12-01 02:58:04','1998-07-26 17:43:56'),(51,'in','Tenetur laborum aliquid sit quis aspernatur. In quia unde sit qui sit odit atque. Et explicabo et cum ut voluptas in. Corrupti soluta non sunt consequatur quo qui maiores.','1971-12-31 10:40:04','1995-05-18 21:16:23'),(52,'eveniet','Et doloremque nobis tenetur voluptatem. Earum iure maiores et sint. Sequi qui voluptas quasi suscipit vitae ea nulla.','1971-02-21 02:12:51','2015-06-08 18:08:25'),(53,'velit','Temporibus quas velit ipsam beatae. Voluptate qui repellendus sint. Ut sit esse aut voluptas.','1990-03-16 12:45:51','1996-08-15 06:19:36'),(54,'quod','Vero ut quaerat et libero qui et. Porro minus dolores reprehenderit quia. Animi pariatur hic aut omnis nulla repellat adipisci aut.','2002-07-07 10:47:11','2014-05-28 02:35:28'),(55,'praesentium','In voluptatem unde perspiciatis voluptates fugiat voluptatem. Sint quia asperiores quis unde impedit at sunt. Dolores aut cupiditate deserunt soluta et.','1976-08-21 13:16:43','1978-01-12 06:21:42'),(56,'ipsa','Fuga est dolor reprehenderit sit. Corporis et repellendus explicabo iure. Ut quia quasi et sed mollitia fugit nesciunt.','2004-05-15 16:49:28','2018-07-17 06:19:38'),(57,'doloremque','Laborum sunt aut ut veniam et libero. Aut quam et animi et sunt corrupti. Aut incidunt vero similique. Corporis laudantium quisquam sed quo incidunt nam.','2006-11-10 10:44:55','2007-06-25 18:30:19'),(58,'officia','Incidunt sed illum sit iure impedit ab. Sapiente est esse ipsum. Harum quasi est voluptatem nihil excepturi nam esse aut.','1975-08-18 08:46:07','2001-10-12 20:38:31'),(59,'ut','Consectetur voluptas dolorem illo aut. Cumque quo eum adipisci mollitia. Explicabo impedit voluptas optio ad iusto quod quisquam corporis. Dignissimos quis unde et similique totam.','1984-07-26 10:39:15','1978-06-13 02:13:53'),(60,'deserunt','Quos voluptatem quia necessitatibus. Nesciunt dolore officiis veritatis maiores. Sed quo ea et et eos. Enim laboriosam quaerat alias. Repellat laborum sed similique tempore magni veritatis tempore est.','1976-03-26 03:33:59','2022-03-05 21:16:30'),(61,'provident','Reiciendis incidunt in ea rem qui architecto in. Doloribus animi quo est exercitationem aperiam maiores. Inventore ullam sint dolor consequuntur expedita.','1986-03-24 02:46:12','1985-05-04 02:59:03'),(62,'tempore','Alias odio quisquam dolorum labore qui. Magnam ut debitis magnam eius omnis quibusdam et. Enim et similique ea corporis minima harum aut sapiente. Quibusdam illum eos quis non et dolores.','2019-08-24 09:58:53','1975-02-05 15:23:17'),(63,'et','Voluptates facilis quae amet vero aut in. Reprehenderit eius dolorum quibusdam error nesciunt sed. Dolore dolorem sequi totam voluptatum quae doloribus libero. Autem hic quos praesentium perferendis aut quisquam asperiores.','1973-02-01 19:09:30','1984-10-01 23:25:32'),(64,'asperiores','Quas ut et reprehenderit porro odio voluptatem. Deserunt voluptas nobis autem quisquam aut quo. Atque et ducimus maxime.','2001-07-31 13:38:48','1976-08-17 15:11:59'),(65,'sed','Architecto numquam dicta atque accusantium. Exercitationem exercitationem rerum fuga velit.','1980-01-26 12:20:54','1974-01-19 18:51:00'),(66,'hic','Voluptates voluptatem est fuga molestiae. Tenetur odio eveniet quas eaque. Possimus amet incidunt voluptatem ullam.','1990-03-20 04:28:37','1991-10-08 14:09:13'),(67,'quibusdam','Molestiae ea nesciunt recusandae odio. In quaerat numquam commodi sed quasi eligendi veritatis. Maxime quae ut aut veniam molestiae saepe deserunt. Illo quos eos architecto sed et. Culpa repudiandae molestias voluptate quia voluptatem sapiente.','2009-10-01 07:15:56','1979-05-27 19:27:25'),(68,'fugit','Qui reiciendis recusandae explicabo rem placeat eius. Aliquam molestiae quo omnis eligendi ut doloribus et. Quam repellendus quia aut ex.','2016-12-09 12:34:52','2014-12-18 06:31:08'),(69,'enim','Molestiae vitae dolorem nesciunt cupiditate fugit consequuntur. Reprehenderit omnis repudiandae doloremque non. Et quaerat cumque officiis.','2002-10-07 07:32:33','1994-05-04 03:13:11'),(70,'id','Blanditiis reiciendis ut consectetur doloremque. Deserunt consectetur autem nihil ex voluptatibus nam nemo. Minus ea molestiae illo id aut et necessitatibus. Qui et non aut neque eos.','2005-05-04 02:40:09','1988-12-25 23:46:54'),(71,'iure','Ut debitis rem recusandae voluptatem atque assumenda. Nihil numquam veritatis ut saepe dolore sed. Est est error blanditiis harum velit assumenda in voluptatem.','2010-06-19 12:08:27','2012-02-08 04:32:04'),(72,'quia','Dolores facere alias consectetur repudiandae adipisci sed inventore eaque. Vero voluptatem aut illum nobis sit maiores quia. Et voluptatem non eveniet sed eos.','2004-06-07 20:59:01','2008-04-13 13:34:04'),(73,'ratione','Vero id distinctio aperiam temporibus explicabo possimus quos. Deleniti aspernatur ad ducimus ex. Temporibus maiores adipisci inventore optio sed esse dicta. Sint at mollitia et et ea.','2011-10-29 09:55:58','1983-04-10 22:14:19'),(74,'qui','Iure et tempora et aut porro porro et. Atque quam ducimus accusantium dolor. Vero illum aliquam earum.','1982-07-03 23:34:19','1974-02-24 22:00:43'),(75,'explicabo','Odio omnis quia alias temporibus harum sint vitae quo. Quis est sed illum debitis. Rerum sint dolorem magnam nobis sit. Pariatur illum cum soluta quo ex placeat nobis. Ipsum dolorem eveniet aut qui autem officiis.','1983-05-20 07:28:24','1975-03-08 08:18:04'),(76,'expedita','Perferendis inventore pariatur assumenda doloremque magni culpa. Reiciendis ea et molestias quod. Explicabo eos incidunt blanditiis aut impedit et esse voluptatem.','2018-12-11 11:44:07','2020-10-02 03:44:45'),(77,'voluptas','Quos qui suscipit non consequatur. Optio quo ea qui molestiae. Voluptatum sit optio ipsa quod.','1987-12-14 21:17:57','1976-11-25 19:28:02'),(78,'velit','Aspernatur dolorum aut sint accusamus omnis ut. Esse reiciendis pariatur inventore doloremque sint. Corporis alias ratione sint maxime nam odio suscipit.','2013-03-06 02:36:15','2015-11-30 21:03:31'),(79,'quae','Officiis aliquid totam magnam dolor est. Qui fugiat adipisci voluptatem maiores quia. At quia velit et rerum occaecati sit incidunt autem.','2006-11-26 17:09:43','1989-01-11 08:58:55'),(80,'rem','Quos voluptas facere nesciunt sit optio. Eos illo est et optio. Sequi sit eius officia. Aliquam ducimus quibusdam neque modi enim. Quis blanditiis cum voluptatem sapiente possimus.','2015-03-22 03:32:08','1986-08-11 19:34:36'),(81,'molestiae','Praesentium accusantium neque facere omnis sit. Dolores omnis aut eligendi quisquam similique at repellat. Officia facilis nobis ipsa velit harum non quibusdam.','2016-07-23 16:42:39','1976-04-15 18:43:48'),(82,'commodi','Aut quis perspiciatis atque tenetur molestiae quibusdam alias. Modi ut alias culpa quas maiores facere occaecati. Reiciendis explicabo ea saepe provident atque fugiat.','2019-10-30 18:49:05','1970-04-03 14:48:45'),(83,'deleniti','Quia et occaecati sit necessitatibus saepe. Animi dicta quasi et commodi voluptatem quis sint nam. Ex qui voluptatum voluptates modi est iste autem officiis. Maxime totam soluta at officia.','1993-05-22 08:59:09','2021-09-27 23:08:39'),(84,'id','Rem esse commodi placeat voluptatem aut nulla. Incidunt molestiae nulla quo dolores modi error. Velit rerum iusto sapiente omnis magni quo.','1972-03-29 08:36:08','1999-11-21 11:18:14'),(85,'aut','Quaerat qui sunt optio consequatur. Qui vel ab aperiam accusamus in repudiandae accusamus. Odio veniam voluptatem fugiat architecto commodi dolores molestias. Dolor impedit debitis ipsam voluptatum. Sed tempore ut et assumenda.','1991-06-18 12:05:53','2005-07-20 19:01:15'),(86,'quidem','Consequatur fugiat dolorem libero laudantium. Sequi facilis modi ea voluptas optio recusandae. Aut suscipit consequuntur laboriosam placeat in est libero. Iure et esse expedita beatae qui repellat.','2003-02-14 06:01:25','2010-10-16 15:17:31'),(87,'fugit','Sed ducimus molestiae perspiciatis ducimus. Est qui est blanditiis rerum eos. Accusantium quibusdam maiores cum sapiente nulla earum repellat. Excepturi doloribus necessitatibus magnam voluptas sequi est voluptates.','1996-08-01 12:25:49','1979-04-04 07:11:11'),(88,'dolorem','Non nemo quia consequatur sed magni cum id. Velit quis autem dolores provident velit sed asperiores. Deleniti et quo earum totam dolore cumque voluptatum. Nesciunt et et sit cum modi.','1974-08-12 04:35:04','2005-07-23 21:52:25'),(89,'doloremque','Facere ullam quis ut. Voluptate ullam similique ut eligendi. Consequatur quia et autem at autem a aut. Et magnam minima dolorem earum accusantium.','1981-08-07 02:34:57','1980-06-24 23:30:45'),(90,'non','Quia sequi aut tenetur laudantium repellat. Id aut qui neque omnis. Natus distinctio quasi sunt officia quis qui harum.','2001-04-24 21:30:31','1971-02-14 21:56:38'),(91,'pariatur','Rem doloribus aut velit voluptate. Voluptas facilis veniam est cumque saepe ea maxime. Iure est laudantium recusandae sed quibusdam velit dolorem. Deleniti aliquam reiciendis aperiam esse dolores.','2008-05-20 05:19:59','2003-11-07 01:15:06'),(92,'eos','Sapiente nisi amet rerum ab sunt iste aut eaque. Et veritatis repellendus aperiam corrupti qui. Eius recusandae in sint ut itaque incidunt eum. Ad ut modi odit et temporibus et.','2021-01-01 03:13:06','1971-03-25 10:55:42'),(93,'iste','Dolores et officia voluptatibus vel voluptates quasi accusantium. Voluptas qui sunt asperiores veritatis ratione porro. Et non iste ipsa nemo.','2018-12-27 17:27:36','1976-05-26 09:00:21'),(94,'alias','Est cumque commodi dolor velit natus. Ratione similique enim esse et. Facere beatae vel laboriosam nihil.','1986-07-08 08:15:14','1991-03-14 13:36:05'),(95,'est','Non dolorum sit sint unde sed. Possimus aliquid rerum consequuntur quos ea. Quae id et quia debitis dicta. Aut ad culpa laborum et voluptatem est corrupti.','1978-04-24 21:32:22','2019-02-15 11:46:17'),(96,'omnis','Odio voluptatibus id eveniet perferendis sed. Consequatur necessitatibus rerum dolores cumque eius consequatur. Culpa voluptatibus recusandae autem. Consequatur velit et soluta dolorum nesciunt.','2019-03-03 18:31:47','1978-10-25 21:08:48'),(97,'harum','Ea et eaque ea nam sed aliquid odit. Error enim quae doloremque veritatis. Quisquam optio temporibus quasi sit dolore vel.','1971-11-11 01:14:25','1990-12-03 15:04:59'),(98,'hic','Explicabo corrupti est impedit ipsam. Ut magnam non dolorum voluptatibus.','2020-09-27 06:11:26','1988-10-11 00:15:23'),(99,'laborum','Sint quaerat sed vitae beatae consequuntur tenetur. Consequatur eos vel vero qui quia.','1973-02-20 11:57:50','2004-11-30 17:01:34'),(100,'aut','Voluptatum molestias aliquam repudiandae aut nulla id. Non minima non et adipisci aperiam rem rem architecto. Perferendis sed ea ex omnis laborum voluptatibus. Quia velit voluptatem laborum ut a tenetur.','1977-02-25 01:32:09','1985-03-26 21:36:07');
/*!40000 ALTER TABLE `articles` ENABLE KEYS */;
UNLOCK TABLES;

--
-- Table structure for table `categories`
--

DROP TABLE IF EXISTS `categories`;
/*!40101 SET @saved_cs_client     = @@character_set_client */;
/*!40101 SET character_set_client = utf8 */;
CREATE TABLE `categories` (
  `id` bigint(20) unsigned NOT NULL AUTO_INCREMENT,
  `name` varchar(100) DEFAULT NULL,
  `articles_id` bigint(20) unsigned NOT NULL,
  PRIMARY KEY (`id`)
) ENGINE=InnoDB AUTO_INCREMENT=101 DEFAULT CHARSET=utf8mb4 COLLATE=utf8mb4_unicode_ci;
/*!40101 SET character_set_client = @saved_cs_client */;

--
-- Dumping data for table `categories`
--

LOCK TABLES `categories` WRITE;
/*!40000 ALTER TABLE `categories` DISABLE KEYS */;
INSERT INTO `categories` VALUES (1,'illum',96),(2,'ex',89),(3,'itaque',27),(4,'est',98),(5,'sed',72),(6,'fugiat',13),(7,'voluptatum',80),(8,'recusandae',20),(9,'rerum',15),(10,'ut',9),(11,'perspiciatis',87),(12,'in',73),(13,'ratione',23),(14,'eveniet',15),(15,'ut',28),(16,'eligendi',11),(17,'accusamus',60),(18,'animi',17),(19,'cupiditate',66),(20,'sunt',35),(21,'et',99),(22,'ut',12),(23,'culpa',29),(24,'consequuntur',47),(25,'rerum',9),(26,'quia',39),(27,'est',50),(28,'ipsam',94),(29,'nulla',97),(30,'commodi',77),(31,'dolores',61),(32,'non',17),(33,'sequi',59),(34,'vitae',10),(35,'blanditiis',51),(36,'est',84),(37,'quae',7),(38,'expedita',60),(39,'perferendis',34),(40,'dolores',83),(41,'quod',52),(42,'quia',9),(43,'in',17),(44,'in',92),(45,'maiores',22),(46,'praesentium',28),(47,'nulla',42),(48,'voluptatibus',54),(49,'placeat',7),(50,'eius',44),(51,'debitis',19),(52,'a',79),(53,'porro',75),(54,'et',51),(55,'aut',24),(56,'exercitationem',99),(57,'qui',61),(58,'repellat',45),(59,'ipsa',41),(60,'qui',11),(61,'repellat',65),(62,'eligendi',67),(63,'amet',47),(64,'sint',48),(65,'et',66),(66,'qui',7),(67,'laboriosam',17),(68,'quis',42),(69,'et',88),(70,'error',1),(71,'alias',89),(72,'possimus',91),(73,'qui',62),(74,'explicabo',36),(75,'voluptate',85),(76,'rerum',5),(77,'pariatur',77),(78,'dignissimos',3),(79,'quia',22),(80,'nihil',84),(81,'perspiciatis',24),(82,'facere',94),(83,'tempore',16),(84,'ut',42),(85,'dolorem',91),(86,'quam',56),(87,'mollitia',32),(88,'accusantium',80),(89,'recusandae',57),(90,'nam',32),(91,'doloremque',94),(92,'hic',42),(93,'magni',19),(94,'quo',5),(95,'quibusdam',40),(96,'laboriosam',36),(97,'occaecati',58),(98,'qui',26),(99,'possimus',17),(100,'illo',36);
/*!40000 ALTER TABLE `categories` ENABLE KEYS */;
UNLOCK TABLES;

--
-- Table structure for table `categories_articles`
--

DROP TABLE IF EXISTS `categories_articles`;
/*!40101 SET @saved_cs_client     = @@character_set_client */;
/*!40101 SET character_set_client = utf8 */;
CREATE TABLE `categories_articles` (
  `categories_id` bigint(20) unsigned NOT NULL,
  `articles_id` bigint(20) unsigned NOT NULL,
  PRIMARY KEY (`categories_id`,`articles_id`),
  KEY `articles_id` (`articles_id`),
  CONSTRAINT `categories_articles_ibfk_1` FOREIGN KEY (`categories_id`) REFERENCES `categories` (`id`) ON DELETE CASCADE ON UPDATE CASCADE,
  CONSTRAINT `categories_articles_ibfk_2` FOREIGN KEY (`articles_id`) REFERENCES `articles` (`id`) ON DELETE CASCADE ON UPDATE CASCADE
) ENGINE=InnoDB DEFAULT CHARSET=utf8mb4 COLLATE=utf8mb4_unicode_ci;
/*!40101 SET character_set_client = @saved_cs_client */;

--
-- Dumping data for table `categories_articles`
--

LOCK TABLES `categories_articles` WRITE;
/*!40000 ALTER TABLE `categories_articles` DISABLE KEYS */;
INSERT INTO `categories_articles` VALUES (1,92),(2,35),(5,62),(7,6),(7,54),(8,36),(10,48),(11,10),(11,46),(11,89),(12,66),(14,22),(17,54),(17,95),(18,28),(18,39),(19,17),(19,79),(20,33),(23,85),(25,23),(28,87),(29,80),(31,43),(31,59),(31,62),(34,55),(36,65),(37,51),(38,83),(40,20),(40,61),(41,44),(41,47),(41,65),(42,64),(43,10),(43,94),(47,62),(47,70),(48,15),(49,44),(49,91),(50,39),(50,53),(51,61),(52,33),(53,39),(53,58),(54,18),(54,45),(54,59),(54,86),(55,11),(56,96),(57,76),(57,83),(58,29),(58,74),(60,2),(60,20),(60,98),(61,40),(61,62),(61,82),(62,2),(62,31),(63,14),(63,34),(63,47),(65,21),(67,85),(69,99),(70,26),(71,57),(72,39),(75,20),(75,37),(76,38),(76,89),(79,56),(80,79),(81,22),(83,8),(83,48),(84,85),(85,23),(86,25),(93,72),(94,78),(95,73),(97,71),(97,76),(97,100),(98,14),(98,73),(98,80),(99,35),(99,70),(100,24);
/*!40000 ALTER TABLE `categories_articles` ENABLE KEYS */;
UNLOCK TABLES;

--
-- Table structure for table `corrections`
--

DROP TABLE IF EXISTS `corrections`;
/*!40101 SET @saved_cs_client     = @@character_set_client */;
/*!40101 SET character_set_client = utf8 */;
CREATE TABLE `corrections` (
  `id` bigint(20) unsigned NOT NULL AUTO_INCREMENT,
  `user_id` bigint(20) unsigned NOT NULL,
  `articles_id` bigint(20) unsigned NOT NULL,
  `body` text DEFAULT NULL,
  `created_at` datetime DEFAULT current_timestamp(),
  PRIMARY KEY (`id`),
  KEY `articles_id` (`articles_id`),
  KEY `user_id` (`user_id`),
  CONSTRAINT `corrections_ibfk_1` FOREIGN KEY (`id`) REFERENCES `history` (`id`) ON DELETE CASCADE ON UPDATE CASCADE,
  CONSTRAINT `corrections_ibfk_2` FOREIGN KEY (`articles_id`) REFERENCES `articles` (`id`) ON DELETE CASCADE ON UPDATE CASCADE,
  CONSTRAINT `corrections_ibfk_3` FOREIGN KEY (`user_id`) REFERENCES `users` (`id`) ON DELETE CASCADE ON UPDATE CASCADE
) ENGINE=InnoDB AUTO_INCREMENT=101 DEFAULT CHARSET=utf8mb4 COLLATE=utf8mb4_unicode_ci;
/*!40101 SET character_set_client = @saved_cs_client */;

--
-- Dumping data for table `corrections`
--

LOCK TABLES `corrections` WRITE;
/*!40000 ALTER TABLE `corrections` DISABLE KEYS */;
INSERT INTO `corrections` VALUES (1,55,35,'Sit dolores sequi quis eos. Officia aut non vero voluptate. Non quos amet magnam. Et illo rerum consequatur nulla velit voluptatem consequatur adipisci.','1993-10-20 03:21:30'),(2,12,77,'Sit qui eligendi quis doloribus magnam. Ut culpa in est quia dolorem numquam. Laudantium incidunt recusandae laudantium eligendi quasi dolorem voluptatem. Labore et et repellat consectetur. Est porro et quisquam qui facere.','2002-06-30 07:35:44'),(3,96,96,'Modi distinctio rerum eaque aperiam. Molestiae quisquam et libero quis eum molestiae beatae cum. Occaecati quos et et officia asperiores. Dolorem quae quibusdam animi aliquam saepe earum molestias.','1996-08-06 12:37:47'),(4,27,81,'Hic qui ullam voluptas quia omnis nisi odio quisquam. Voluptate laboriosam magni repellendus repudiandae laboriosam alias. Atque et quisquam illum rerum. Dolorem laborum harum facilis sit voluptatibus quis.','2022-12-20 13:05:47'),(5,7,84,'Provident alias doloremque quia eos. Temporibus et voluptatem assumenda fugiat quas et harum distinctio. Sequi magnam voluptas est veniam voluptas at.','2022-09-12 04:20:47'),(6,28,98,'Dolorem voluptates qui illum deleniti. Quam aut minima libero totam quam quis debitis. Qui iure excepturi sit dicta.','1993-01-12 17:28:52'),(7,99,97,'Delectus non libero accusantium et facilis. Alias qui nostrum corrupti voluptatem optio. Iure aut ea quis quibusdam alias.','2004-03-06 17:33:44'),(8,26,78,'Quas architecto veritatis minus ducimus beatae adipisci dolorem doloribus. Qui soluta cupiditate cumque non magnam fugiat nulla. Consequatur minima ipsa aut quisquam quis voluptatem.','1991-05-21 20:50:17'),(9,73,26,'Sed ut voluptas dolore repellendus corrupti et perferendis. Error quisquam qui doloremque facere facere sit. Aliquid et officia vel consectetur exercitationem atque eos repudiandae. Voluptate et rerum qui saepe at ut.','1986-02-28 07:47:07'),(10,29,3,'Omnis dolorem saepe autem vel et ea. Officiis dolor et sed at ea odio. Blanditiis minima eum est voluptatem pariatur quas et quisquam.','1975-09-20 02:54:53'),(11,32,44,'Quidem et expedita dolorem error rerum sunt culpa. Ipsa earum repudiandae repellendus aut nostrum id. Error quae eum deleniti quisquam id ad beatae.','2018-12-01 08:21:32'),(12,39,87,'Quam eaque nemo reiciendis necessitatibus optio asperiores qui. Ut eos sed rem et aut eveniet. Perferendis ea aut dolor et assumenda. Aut in voluptates enim at ut inventore vel.','1997-09-23 16:28:48'),(13,100,29,'Aspernatur quis consectetur nisi. Dolores deserunt non qui quia ab. Laborum et adipisci qui aliquam necessitatibus sunt. Quasi maiores architecto atque iusto ut quo officia ab.','2002-11-24 18:43:46'),(14,89,34,'Nisi similique et sapiente odit molestiae quae exercitationem. Officia voluptatem in perferendis ex perferendis explicabo et. Labore labore deserunt possimus autem unde ut quae.','1997-04-30 10:05:45'),(15,92,55,'Amet at aut est ut earum molestiae corrupti. Voluptatem aut qui rerum perspiciatis. Omnis et nisi velit. Eius molestiae quam ut reiciendis error.','2019-10-15 03:33:40'),(16,36,4,'Dignissimos in quis pariatur odio non et dolorum esse. Sed repellat nisi temporibus commodi in sint tempora assumenda. Sint aliquam suscipit commodi repudiandae esse rem sed. Dolor debitis fuga sit omnis repellendus veritatis quasi.','2012-12-17 11:45:13'),(17,6,69,'Dolorem ut voluptatem reprehenderit qui excepturi molestias fugiat. Soluta praesentium expedita sed voluptas facilis. Autem repellat ut voluptatem quis doloribus est. Quia excepturi nobis autem consequatur animi.','2009-12-13 18:49:53'),(18,85,18,'Voluptatem ullam adipisci enim et facere cum. Ut ducimus reprehenderit quis velit. At quae eos quis.','1995-05-31 02:53:19'),(19,31,6,'Ea deleniti tempore quo ea at fugit. Sunt quia earum quis doloremque fuga nesciunt maiores. Labore cum enim qui quae tenetur reiciendis. Reiciendis corrupti sapiente impedit officiis recusandae rerum.','2020-11-29 16:56:01'),(20,55,15,'In ducimus suscipit temporibus veniam. Et quae vitae totam explicabo beatae id omnis.','2015-04-14 20:25:15'),(21,92,15,'Et perspiciatis qui perspiciatis velit et ipsa sunt. Assumenda sed aspernatur et. Est aut dolores nihil voluptatem est ut ut nesciunt.','1973-01-30 07:06:22'),(22,36,65,'Tempore omnis est molestiae. Ex eius maxime provident et amet. Sunt nihil aut quidem perferendis tenetur.','1975-02-26 20:51:09'),(23,6,76,'Reprehenderit qui omnis et. Sed dolores velit adipisci. Fugiat et tenetur ea.','1992-12-04 00:10:51'),(24,84,43,'Voluptas ipsum velit sint sint autem hic. Eum nesciunt aut animi rem eos. Sapiente qui eum et dolorum aut sit. Molestias dolore eos sint error necessitatibus voluptatum.','2004-04-21 20:52:46'),(25,2,12,'Voluptatem dolores sit voluptas incidunt. Facere ut perspiciatis velit quidem architecto consequatur. Sit et quam est veritatis sed voluptatem et sed. Nemo dolor molestias ratione et tempore. Quis magni quaerat aut consequatur perspiciatis.','2002-06-22 02:58:20'),(26,28,52,'Aliquam aut delectus est molestias quia. Rerum et tempora ea veniam labore porro animi.','2011-01-17 18:39:50'),(27,24,60,'Sed itaque in minima aliquid. Vero est quis quisquam mollitia voluptas nesciunt. Necessitatibus quod ea molestias qui.','1989-10-21 11:11:14'),(28,47,8,'Sed ad quibusdam est laboriosam asperiores consectetur deserunt. Eum sit totam dolorum iste id aliquid est.','2005-12-06 10:28:23'),(29,81,99,'Id dolores architecto expedita necessitatibus. Aut provident fugiat impedit ut. Incidunt tempora repudiandae ut. Et ut facilis veritatis quae facere assumenda iure consectetur.','1997-09-04 11:56:10'),(30,63,23,'Pariatur blanditiis tempore qui labore expedita. Repudiandae quasi assumenda maiores magnam autem suscipit minus. Non minima odit dolorum eligendi.','1989-07-16 19:44:22'),(31,35,71,'Ullam aut ut nobis at facere. Alias totam rerum repellendus saepe est molestiae totam aut. Omnis facere odit reiciendis facilis quis quia.','2004-01-06 23:32:58'),(32,15,99,'Dolorum et odit nostrum autem. Necessitatibus quisquam dolorem impedit quas. Eos et aperiam placeat.','2003-02-15 12:47:16'),(33,22,83,'At molestias esse est cum saepe. Culpa recusandae vero deleniti ipsam iste. Accusantium vel maxime cupiditate voluptate asperiores iure totam. Quia dolores culpa reprehenderit itaque facilis officia.','1974-02-24 10:13:41'),(34,59,47,'Et qui voluptatem repellat labore. Dicta sunt molestiae optio maxime sed et nisi nemo. Commodi amet cumque unde expedita mollitia.','1984-10-11 12:57:15'),(35,76,87,'Soluta a quia omnis vel dolore autem quo. Laudantium tempora non et illum. Dignissimos odit in omnis cumque aspernatur autem repellat.','2023-03-24 06:24:16'),(36,36,88,'Et enim fuga placeat nihil magnam sed ut. Ea commodi magnam odit ducimus. Doloribus inventore temporibus beatae ad et facere aliquid. Recusandae et ea doloribus debitis tenetur et quasi. Tenetur quia nihil porro quibusdam quia molestiae.','2019-05-29 13:41:58'),(37,45,16,'Rerum reprehenderit eos eligendi doloribus voluptate rerum. Ea et dignissimos aut rerum et reiciendis molestias. Modi ea praesentium molestiae vitae non aut iure.','2004-02-05 08:45:29'),(38,35,23,'Ut dignissimos qui nostrum expedita aut. Nemo qui optio explicabo illum qui animi. Voluptas sunt ea fugiat.','1998-12-26 15:24:22'),(39,72,1,'Inventore fuga repellendus ex aut cumque quae. Dignissimos adipisci rerum at consectetur suscipit.','2009-11-14 14:35:17'),(40,20,38,'Temporibus nihil ut rerum odit natus minus laudantium. Eveniet nobis excepturi magni et necessitatibus. Laborum quisquam nostrum quis enim. Vel id alias voluptatibus excepturi consequuntur et natus voluptate.','2016-02-14 05:32:35'),(41,22,28,'Ducimus ea amet doloribus quia dolores. Dolore quod eligendi nesciunt accusamus officiis qui. Dolores ea veritatis tempore laborum.','1985-04-03 07:29:10'),(42,21,91,'Repudiandae harum velit sed harum. Dolores praesentium distinctio amet est. Molestiae harum assumenda inventore.','2016-10-18 13:01:29'),(43,29,91,'Voluptatem magnam odit qui sed omnis sint voluptatem recusandae. Excepturi vero adipisci dolores qui consectetur non sit. Sequi quas cupiditate consequatur est qui qui et.','1999-07-31 21:19:31'),(44,15,71,'Et dolor eum natus. Deserunt velit sit earum. Quis velit occaecati ratione est. Qui enim nostrum quia et ab.','2009-08-15 03:16:00'),(45,9,58,'Tenetur ut tenetur distinctio ut esse ipsam. Hic reprehenderit at quia soluta eos laudantium. Autem nam labore dolorum voluptatum. Aut et adipisci voluptas dolor natus qui molestias.','2000-02-05 00:13:02'),(46,66,2,'Provident quo qui nihil dolorum quia. Odit sed rerum nesciunt voluptatum blanditiis. Omnis et quis ut molestiae ipsa aut delectus debitis.','2011-07-03 11:39:11'),(47,62,47,'Et dicta voluptate unde id reiciendis molestiae nostrum. Eveniet nam ut sed ducimus quisquam adipisci. Blanditiis repellendus veritatis soluta nobis eligendi est corporis. Quod quam vero consequuntur in libero fugiat fugit.','2008-01-09 13:35:37'),(48,29,4,'Sit voluptatem quibusdam quidem esse aperiam. Quia facere mollitia aliquam veniam. Quis nihil culpa sed error sequi. Labore aut porro dolorum.','2004-03-10 11:20:03'),(49,54,24,'Sit adipisci reprehenderit iusto. Voluptas eaque sequi quia blanditiis. Adipisci voluptatum occaecati cupiditate ut omnis laborum aut possimus. Facilis quas impedit cumque.','2015-01-22 14:06:46'),(50,38,85,'Officia quo pariatur tenetur ea. Aliquam aut rerum sunt accusamus sit non repellendus. Libero rerum magni dolor. Unde sequi magnam corrupti vero consequatur consequatur.','2021-02-03 04:42:30'),(51,32,6,'Dolorem minus laborum asperiores quo. Deserunt sint sit enim provident. Eos aut consectetur veritatis ut culpa fugiat minus. Quis distinctio praesentium quis.','1999-10-22 08:11:07'),(52,22,34,'Earum quas in maxime. Dignissimos ab qui voluptatibus quidem et numquam dolorum. Ipsa voluptatibus autem enim non et eos explicabo. Iusto facilis excepturi quo fuga quasi asperiores.','1981-12-09 19:05:01'),(53,88,55,'Dolor rerum provident molestiae nihil aut veritatis quas. Error suscipit quam necessitatibus eos excepturi. Fugiat nihil nesciunt aliquid consequuntur qui iste est alias.','1981-10-15 16:11:02'),(54,2,13,'Voluptatem modi non possimus nihil eaque nulla consectetur et. Et quae optio non molestiae omnis est. Iusto qui ad qui officiis sunt et.','1974-09-30 13:34:29'),(55,95,34,'Dolores animi modi voluptas itaque sequi temporibus. Dolores voluptatibus distinctio alias neque voluptate eveniet amet. Dolore esse eveniet sunt ut esse et inventore voluptates. Dolore omnis enim eius sed. Dicta enim deleniti quo aliquam quae.','1989-06-07 05:21:01'),(56,74,89,'Saepe et atque necessitatibus. Beatae tenetur ipsa eos voluptatem enim unde. Cumque beatae quaerat enim ad sed.','1996-04-17 20:59:22'),(57,87,79,'Laborum quia non aut delectus voluptates saepe. Qui eius voluptatem nihil nihil dolorem.','1997-12-19 16:11:39'),(58,61,72,'Provident illum a quis quae quas dolorem. Omnis maxime quisquam sint ut ab vel atque. Optio sit distinctio laboriosam in aut soluta. Velit odio quia maxime.','1984-01-01 13:52:51'),(59,43,32,'Facere eaque eum repellendus sunt quisquam assumenda voluptatem qui. Aliquam eos id aspernatur laudantium dolores ut provident. Quod aut dolor necessitatibus hic ea consectetur et. Voluptas et est ad libero cupiditate quam.','1978-09-19 10:08:31'),(60,53,33,'Possimus ut omnis id nihil. Impedit et incidunt quisquam atque sunt non aut.','1986-03-28 15:32:37'),(61,52,25,'Deleniti id velit consequatur. Voluptas exercitationem est enim minima fuga sunt possimus. Minima voluptas quisquam cum labore quia.','2017-10-15 14:47:17'),(62,65,56,'Omnis explicabo fugiat tempora minima. Dolorem culpa officiis commodi similique. Tempore incidunt pariatur eum non et enim. In nemo harum quod eos ipsam. Et alias quas quia tempore tempore maiores eveniet.','1973-04-23 08:31:05'),(63,2,67,'Praesentium fugiat consectetur provident aspernatur similique soluta. Minus nisi nemo cupiditate incidunt delectus. Aspernatur sequi doloribus vitae dolores culpa ut dolore. Explicabo enim sed et excepturi quia quam consequatur.','2013-07-02 09:54:02'),(64,44,6,'Excepturi inventore omnis officiis repellat. Quis ratione incidunt quis quam. Excepturi molestias nobis sed quod.','2022-08-29 09:58:35'),(65,24,33,'Alias sunt quidem autem dignissimos. Numquam nisi autem numquam eum nam est. Voluptatum similique accusantium sequi et in. Praesentium omnis aut libero nihil.','1982-09-23 02:58:05'),(66,83,70,'Debitis illum consequatur quas quaerat sed fugiat. Sed quis doloribus qui odit architecto voluptatem. Nam temporibus exercitationem alias aut aut eos aperiam. Provident esse et aliquam repellendus.','1995-11-21 03:59:39'),(67,28,16,'Ea sit dolore dicta. Dolorum quia qui id perferendis veritatis. Harum totam culpa voluptate vel.','2020-03-09 17:42:56'),(68,32,92,'Vero deserunt suscipit suscipit non rem. Error quia et sint. Tempora consequatur itaque adipisci nobis tempore iure aut. Voluptas consequuntur et sint voluptas quisquam voluptate suscipit.','1975-08-10 03:39:44'),(69,80,54,'Qui ut rerum officiis dolor fuga officiis. In facere exercitationem provident sunt. Consequatur voluptas qui vel.','2012-03-31 18:05:36'),(70,55,48,'Nobis cumque explicabo itaque. Et eveniet magnam rem inventore. Quisquam ea molestias reiciendis sit voluptate ab placeat. Aut praesentium ipsam corrupti alias ut tenetur et. Culpa incidunt molestiae dolorem qui nostrum.','2009-02-23 17:02:15'),(71,44,71,'Quo quia porro sunt quia sed fugit. Architecto recusandae fuga corporis quis quia voluptas voluptatibus. Aspernatur blanditiis atque atque.','1999-04-07 02:31:44'),(72,35,2,'Voluptas ut quo quis. Ad explicabo quis ut assumenda quo qui. Fuga voluptas qui pariatur illum.','1971-03-25 05:25:19'),(73,56,49,'Sint sed porro fugit. Eos vero hic voluptatem voluptatem voluptatem. Iste voluptatem qui velit fugit harum libero.','1995-08-25 19:20:24'),(74,61,33,'Ut veritatis eos qui adipisci quos aut a. Id voluptas possimus id a velit. Quibusdam amet commodi est.','1976-03-10 11:39:10'),(75,59,100,'Aliquam omnis assumenda accusantium enim molestiae accusantium. Quis ipsa est dolores.','2014-08-02 01:20:40'),(76,67,70,'Minima nobis beatae et blanditiis delectus tempore. Aliquid dolorum repudiandae rerum aut. Tempora laboriosam repellendus autem et veniam ea. Enim aut omnis tempore.','2015-04-23 19:50:06'),(77,78,98,'Aut eius quo rerum voluptatem laboriosam. Voluptatem nulla vero dolore nisi ratione nesciunt. Aperiam ut quia provident expedita.','1973-04-22 01:48:21'),(78,27,7,'Qui quaerat dolores sequi quia non perferendis. Molestiae odio odio hic iusto est et.','1989-07-01 10:14:11'),(79,59,66,'Sed et molestias beatae qui dolores odit quod vel. Ratione ea repudiandae corrupti maxime qui qui quo qui.','2018-08-02 08:31:06'),(80,71,37,'Omnis delectus esse animi vel. Laudantium eum provident ea et ullam officia corrupti. Qui inventore tenetur itaque aspernatur voluptas nostrum. Odio recusandae porro qui veritatis autem.','1980-04-22 17:11:25'),(81,69,30,'Eaque sit sint eveniet aliquam nihil. Autem aut nihil eligendi neque. Quibusdam et et dolores magni quo. Nisi sit saepe alias et.','2011-07-02 09:57:15'),(82,74,62,'Modi nihil ad ullam reprehenderit minima. Eum facere magnam ut ut. Magnam vel neque enim praesentium.','1988-02-13 18:41:57'),(83,76,94,'Aut voluptatem reiciendis aut labore. Minus saepe quasi et laboriosam. Quas rerum perspiciatis et. Aut fuga voluptatum tempora fuga corrupti enim itaque.','2019-10-28 18:03:44'),(84,86,4,'Sunt at dolor explicabo fugiat doloremque. Sed illum et non voluptate. Sequi ex quo neque totam. Reprehenderit voluptatem ut officia quo quasi occaecati in.','1999-07-29 21:54:19'),(85,85,94,'Illo necessitatibus nemo eum. Recusandae ea est quisquam molestiae.','1980-12-01 21:30:30'),(86,24,86,'Qui itaque praesentium sapiente iure sunt explicabo. Quia non quibusdam distinctio voluptas voluptatem. Qui dolore ut qui rerum et voluptas. Consequatur quis sit ut labore. Omnis reprehenderit reiciendis dolores eum facilis eligendi.','2009-07-18 22:52:23'),(87,34,98,'Assumenda quidem molestiae aut et est quo. Eligendi qui voluptatibus nobis error totam consequatur. Laboriosam eum a dolores sit fugiat. Odio nesciunt sapiente dolores dolorem.','2023-05-02 17:41:20'),(88,66,87,'Similique voluptas repudiandae ipsam. Inventore perspiciatis ab adipisci est quaerat nam sit.','1999-12-26 10:54:34'),(89,22,31,'Delectus quo corporis quibusdam praesentium nobis tempora consequatur. Ullam optio voluptas molestias voluptatem qui reiciendis. Accusamus assumenda debitis enim recusandae. Sunt mollitia ipsam nam occaecati aut maxime tempora.','1972-11-28 23:35:38'),(90,5,56,'Non iusto quas consequatur tempora. Aliquid ipsa consequatur dolores aperiam. Et dolor occaecati numquam est. Aut ut eaque aut illo. Ullam dolor sint natus et.','1974-09-08 00:00:47'),(91,11,23,'Quae sunt architecto explicabo id et ut. Praesentium animi dolores libero labore voluptas.','2012-02-24 05:30:43'),(92,74,26,'Velit consequuntur alias voluptatibus ipsam. Labore dolor qui ab deserunt.','1976-08-02 06:58:34'),(93,24,92,'Atque veritatis voluptatibus quae deserunt soluta in. Sed porro totam dolore voluptatem non voluptatibus. Aut incidunt dolores optio.','1990-02-28 20:55:16'),(94,48,39,'Quo neque et et dignissimos rerum. Nulla asperiores voluptas officiis sit ex voluptatibus. Totam praesentium praesentium cumque doloremque nostrum et nesciunt. Velit odio rerum quo eos ea aut.','1996-05-10 11:19:44'),(95,43,22,'Enim culpa eos molestiae et pariatur ipsa. Laboriosam iure qui et quasi blanditiis. Qui voluptatem ipsum debitis vero.','1977-01-21 05:42:03'),(96,54,87,'Doloribus est voluptatum quos minima. Aut voluptatibus sequi veniam voluptates perspiciatis mollitia sed. Pariatur a quasi consequatur et.','1995-02-22 03:56:28'),(97,35,92,'Assumenda blanditiis laboriosam corporis placeat sequi. Doloremque aut earum laborum qui laborum nesciunt ipsa cumque. Aut molestiae aspernatur quod asperiores. Odio non quibusdam minus. Et laudantium necessitatibus qui id consectetur.','2019-11-17 01:07:11'),(98,74,74,'Accusamus ut aut ex officiis beatae porro. Autem qui rerum similique dolores. Quia alias explicabo aliquid doloribus. Laborum porro doloremque laboriosam est eum asperiores optio.','2009-12-19 20:07:01'),(99,53,85,'Et aliquid beatae laboriosam suscipit possimus. Error officiis aut tempore ratione nam minus. Aspernatur placeat eius nemo atque nostrum laudantium et. Eum aut sit facilis quia quisquam repellat illo.','2004-04-22 15:25:01'),(100,92,71,'Tempora deserunt id maxime consectetur nam cum asperiores. Sit voluptas sunt et blanditiis qui aut ab modi. Consequatur neque pariatur velit consequatur commodi. Esse est voluptatem aut quia aliquid deleniti.','2007-10-08 03:15:23');
/*!40000 ALTER TABLE `corrections` ENABLE KEYS */;
UNLOCK TABLES;

--
-- Table structure for table `discussions`
--

DROP TABLE IF EXISTS `discussions`;
/*!40101 SET @saved_cs_client     = @@character_set_client */;
/*!40101 SET character_set_client = utf8 */;
CREATE TABLE `discussions` (
  `id` bigint(20) unsigned NOT NULL AUTO_INCREMENT,
  `user_id` bigint(20) unsigned NOT NULL,
  `articles_id` bigint(20) unsigned NOT NULL,
  `body` text DEFAULT NULL,
  `created_at` datetime DEFAULT current_timestamp(),
  `updated_at` datetime DEFAULT current_timestamp(),
  PRIMARY KEY (`id`),
  KEY `user_id` (`user_id`),
  CONSTRAINT `discussions_ibfk_1` FOREIGN KEY (`user_id`) REFERENCES `users` (`id`) ON DELETE CASCADE ON UPDATE CASCADE,
  CONSTRAINT `discussions_ibfk_2` FOREIGN KEY (`id`) REFERENCES `articles` (`id`) ON DELETE CASCADE ON UPDATE CASCADE
) ENGINE=InnoDB AUTO_INCREMENT=101 DEFAULT CHARSET=utf8mb4 COLLATE=utf8mb4_unicode_ci;
/*!40101 SET character_set_client = @saved_cs_client */;

--
-- Dumping data for table `discussions`
--

LOCK TABLES `discussions` WRITE;
/*!40000 ALTER TABLE `discussions` DISABLE KEYS */;
INSERT INTO `discussions` VALUES (1,51,3,'Soluta hic perferendis inventore aspernatur earum tempore adipisci. Quis ab quia temporibus officiis iste. Facere qui alias quia voluptatum aut. Id inventore est nemo minus quia nihil. Hic exercitationem a tenetur eum possimus.','2021-07-21 14:32:19','2004-12-21 02:02:02'),(2,9,96,'Esse natus ad sunt dolores laudantium. Beatae in aperiam quidem ullam ut beatae. Excepturi non non voluptatum.','1990-05-12 18:23:40','1975-07-06 22:48:15'),(3,63,54,'Voluptatum ratione praesentium reprehenderit unde magnam. Sed eveniet quos esse optio ut aut sit. Eligendi aliquid reiciendis molestias.','1981-11-04 05:35:49','2016-04-26 11:28:28'),(4,4,31,'Natus velit possimus id et. Molestiae possimus aliquam sit quos tempore autem. Quo illum consequatur nemo ut facere est.','1999-01-12 17:24:43','2019-08-07 13:50:40'),(5,42,65,'Dolores rem doloremque animi alias. Quidem eius vel expedita libero doloribus. In esse est excepturi voluptas possimus ut velit.','1981-05-08 17:55:58','1984-08-10 16:04:07'),(6,31,11,'Assumenda voluptatem distinctio repudiandae provident quae. Sed unde omnis inventore aut. Pariatur minima sed sunt aperiam.','2015-04-07 11:55:40','1989-04-13 12:52:21'),(7,3,97,'Mollitia earum sunt ab ad. Et aspernatur veritatis maxime. Sapiente saepe inventore laudantium quisquam facere.','1982-06-30 20:08:10','1981-08-22 21:28:45'),(8,53,76,'Non dolor ratione non quo illum quos. Perspiciatis esse et nesciunt id id. Veritatis rem rerum eum dolorum eveniet amet tempora laboriosam.','1991-10-03 10:10:39','1981-07-18 18:53:56'),(9,95,17,'Voluptate error dolorum et cum asperiores. Ut alias suscipit animi error. Et mollitia qui ducimus veritatis. Blanditiis dolor consequuntur odit omnis.','2008-05-14 13:56:58','1978-04-22 07:20:56'),(10,44,50,'Ut voluptas laudantium delectus non eum reiciendis fuga. Cum quos ad accusantium occaecati expedita quos dolor. Repellat id iste voluptatibus. Qui quibusdam deleniti placeat a recusandae.','1978-08-01 18:23:15','2006-03-15 17:33:21'),(11,64,80,'Illo adipisci dolorem veritatis suscipit debitis. Commodi dolore ut quis libero sed. Nisi quo exercitationem excepturi ipsam. Libero aspernatur id veritatis sapiente eum.','2022-03-20 15:31:43','1995-07-29 08:25:14'),(12,70,33,'Quibusdam sed voluptatibus sequi provident sed. Ab et dolores quis. Nobis sit deleniti numquam et veniam illo.','1994-02-13 12:48:23','2007-12-14 00:45:26'),(13,22,34,'Dicta velit qui ratione. Excepturi eos corporis placeat beatae quis. Voluptatem beatae accusamus tenetur eum hic et sequi. Similique eius saepe est esse sit ut sit sed.','1986-02-05 16:35:58','2005-05-01 07:51:02'),(14,53,67,'Eveniet repellendus similique maiores asperiores culpa laborum harum. Voluptatem in dicta omnis debitis enim deserunt. Velit dignissimos eum et quisquam qui aliquam aspernatur. Vel qui necessitatibus veritatis dolorem id temporibus enim. Doloribus porro ducimus fuga voluptatem qui placeat facere.','1978-04-01 14:22:39','2017-08-27 05:48:10'),(15,1,67,'Quibusdam omnis itaque modi odit aliquam deserunt unde. Magni ut est vitae quasi aliquam suscipit impedit. Ducimus voluptatem aut praesentium reiciendis.','2012-12-15 23:48:39','1981-02-15 14:04:16'),(16,10,4,'Quod qui adipisci sunt ullam eveniet. Minima rerum repellat impedit quia. Et voluptatem animi nihil repellat voluptas saepe sequi.','2009-08-11 14:50:15','1982-08-10 08:17:16'),(17,42,70,'Et aut autem reprehenderit suscipit amet debitis. Sed id perspiciatis ut odio quia. Et recusandae natus consequuntur dolorem quia quidem cumque ea. Tempora est rem veniam placeat tempore.','2004-09-02 06:07:15','1988-04-20 14:54:24'),(18,18,95,'Et hic mollitia libero quam veritatis autem. Qui et distinctio ipsum maxime quo et quae vel.','1978-09-18 03:38:15','1984-05-19 09:35:01'),(19,59,65,'Ea excepturi fuga esse possimus atque autem voluptatem. Sed ullam ut quidem sunt ut. Et in reiciendis magnam at natus consequatur et. Aut tempore odio et consequatur eius aut veritatis.','2007-09-07 22:05:24','2007-06-15 18:40:15'),(20,95,45,'Voluptatem culpa sequi possimus. Provident quo officiis et et qui. Placeat voluptatem eius nulla labore.','1974-09-30 02:00:10','1996-05-01 04:52:00'),(21,35,55,'Eum earum quasi nemo temporibus ullam adipisci eos. Ipsum illo reiciendis ducimus.','1970-02-07 13:21:45','1995-03-13 22:09:41'),(22,17,21,'Velit incidunt aspernatur nihil amet labore aliquam. Omnis et et et et. Distinctio in quia optio ad quis aut.','1981-03-29 05:49:04','2022-06-15 04:29:30'),(23,77,49,'Aperiam aut et et ex inventore autem debitis. Omnis rerum sapiente non quo error. Qui est perspiciatis velit ex esse aut harum.','2017-08-21 22:38:46','1994-06-01 10:22:59'),(24,79,2,'Aut qui voluptate quis laborum. Qui velit qui distinctio eius.','2013-04-10 12:34:43','2017-12-08 14:35:12'),(25,61,41,'Quaerat repudiandae repellendus eaque debitis similique maxime reprehenderit. Qui ut in quia est tempore consequatur nesciunt tempora.','1991-07-23 23:33:04','1972-08-08 01:40:33'),(26,93,39,'Recusandae sunt reiciendis aut ut natus. Exercitationem molestiae esse est aut enim ut voluptatum. Consequuntur perspiciatis et iusto culpa. Velit animi sed deserunt facilis fugit blanditiis fugit laboriosam.','2007-03-31 22:30:50','2001-11-30 17:30:03'),(27,33,77,'Dolores ut nostrum debitis repellendus. Quo porro ut maxime exercitationem ea rerum. Quod qui voluptatem illum neque accusantium laudantium quas. Inventore consectetur quod ut saepe at dignissimos ipsam voluptates.','1979-03-31 03:31:03','1982-01-12 18:10:40'),(28,61,55,'Minima enim minus perspiciatis voluptates. Sit ea assumenda necessitatibus eaque. Esse deserunt est ex ad quo.','1978-12-19 04:05:47','1983-09-04 19:23:38'),(29,19,39,'Nam eaque iusto at. Consequatur unde veritatis sapiente iusto. Placeat sunt eos sed est atque natus nesciunt. Velit sed maxime veniam sed itaque nemo.','1980-03-13 07:01:55','1991-01-12 09:46:31'),(30,46,2,'Quidem voluptates odit accusantium optio laborum autem eum. Quidem maxime quo qui ut molestias sunt inventore. Autem quis eum occaecati error.','1970-06-30 16:22:52','2022-01-24 19:50:06'),(31,39,74,'Accusamus consequuntur reiciendis nulla temporibus tempore voluptatibus. Aut est est doloremque voluptatem voluptas maxime esse. Voluptatem rem ut tenetur voluptas. Sunt libero nisi autem voluptatem animi.','2012-11-16 20:34:44','1981-04-20 15:51:09'),(32,65,13,'A sit libero laborum sunt et. Inventore illum omnis nemo et itaque. Consectetur facilis incidunt quidem.','2007-04-08 09:15:56','1974-10-09 05:46:56'),(33,6,51,'Odio sit blanditiis architecto debitis soluta necessitatibus. Qui pariatur sapiente quia dolores. Et perspiciatis sit assumenda sit neque quos.','1985-02-15 17:59:19','1971-03-28 09:47:14'),(34,82,75,'Earum quia ea aut aspernatur ipsa quia. Ratione id est fugiat corrupti. Consequatur ut rerum fugiat sint.','1995-11-04 21:33:26','2018-03-14 02:17:25'),(35,29,9,'Neque dicta dolorum sit odio aperiam. Et reiciendis labore facilis deserunt iure. Vero eveniet ipsa distinctio exercitationem iure.','1991-03-07 00:33:57','2021-07-10 01:33:53'),(36,45,61,'Molestias odit facere beatae perspiciatis accusantium eum accusamus. Et rem nam perspiciatis.','1970-10-24 09:20:09','1974-02-16 22:34:00'),(37,12,16,'Quo quia accusamus ea minus aperiam quasi consequuntur. Itaque distinctio iure consequatur neque et sunt. Ut asperiores ea expedita placeat adipisci laborum ut.','1978-06-15 00:37:28','2017-05-15 19:58:55'),(38,16,11,'Voluptas illo id et ut id. Et quod quae in odit et deleniti. Laborum cupiditate id ab nesciunt delectus est commodi. Corrupti rem commodi vel beatae quae sunt. Itaque amet doloremque minus nihil quia nulla.','1973-08-23 22:29:01','1978-12-11 00:55:01'),(39,66,85,'Nobis et fugiat quia ipsa corrupti quibusdam dolorem ut. Vero modi earum sit aut eius ratione laboriosam. Maxime ratione et in voluptas ipsum eligendi.','2005-02-12 22:36:44','1999-03-26 17:27:14'),(40,93,60,'Natus exercitationem ut porro iste minus neque quo. Blanditiis quo inventore officia amet rerum et reprehenderit. Ab quaerat voluptatem autem enim.','1995-03-25 20:02:26','1970-05-06 07:22:08'),(41,63,16,'Et temporibus ducimus earum enim nobis et rerum. Minus et illo porro cum vel voluptate modi ad. Quas vero in ex et laboriosam laudantium. Velit nobis sit rerum ea expedita maxime sed.','1976-07-07 07:23:06','1988-08-06 20:22:07'),(42,11,8,'Vel suscipit sit ipsam et autem qui. Et voluptate provident quo asperiores ipsa qui. Saepe repellendus dolor fugiat et qui fugiat. Accusantium totam dolor quasi qui nemo minus.','2004-07-14 20:56:47','1970-02-14 06:23:16'),(43,50,26,'Qui animi dolorum voluptates architecto aut. Facilis ut blanditiis molestias consequatur. Aut dolore commodi iure voluptas magni. Doloremque sequi rerum expedita minus officia temporibus quis voluptatem.','1994-01-22 16:58:54','2004-11-05 10:44:28'),(44,55,95,'Suscipit rerum ipsa consequatur autem et sint. Cum omnis accusamus ipsa nobis debitis. Eveniet eveniet repellat quia et qui rerum fuga. Et laboriosam enim consequatur est incidunt libero voluptatibus.','2013-06-26 01:15:16','1983-07-22 07:28:39'),(45,55,85,'Ab esse qui qui. Quam earum consequatur accusantium et fuga voluptatem. Est enim reiciendis quisquam commodi quidem non non.','1990-03-31 20:30:07','2017-05-18 11:24:33'),(46,22,17,'Est suscipit pariatur aperiam eos tenetur velit maxime fuga. Et numquam beatae sed omnis veritatis beatae at. Aut ipsam ipsam alias et ipsa ut dolor. Non rerum qui eius necessitatibus laudantium itaque.','1979-04-27 20:17:21','2011-08-16 08:08:53'),(47,44,99,'Sapiente maxime libero praesentium quod et. Quaerat dolorum ea error hic accusantium ut. Nihil aspernatur quos soluta libero itaque eos incidunt. Autem et id aperiam sed illo rerum.','2012-11-13 02:27:21','1984-11-24 14:12:26'),(48,33,57,'Molestiae alias dicta et veritatis. Delectus ut dolorum unde in dicta magni. Ut aut id aut consequuntur voluptate voluptatum fugit expedita.','1994-08-15 17:07:09','2011-09-26 10:55:23'),(49,69,16,'Et eos facilis natus quidem ea nostrum. Sit fugiat qui quia excepturi rem distinctio. Ut error dolorem numquam rem aut.','2019-07-12 19:04:58','1987-12-30 09:00:29'),(50,96,74,'Numquam quam temporibus nam minus. Consequuntur laborum quis qui tenetur tempore et animi. Quia ab architecto magni illo molestiae quos. Necessitatibus cum et et quis.','2004-08-29 07:59:06','2004-02-16 07:37:36'),(51,4,56,'Labore rem et iure magni debitis nulla. Inventore mollitia voluptatem aut dignissimos fuga quam. Animi facilis voluptatem iste voluptatem illo. Velit vero ab at consequuntur at.','1972-04-11 21:51:44','1993-01-29 11:03:17'),(52,57,45,'Quisquam natus consequuntur nisi cupiditate ducimus. Animi amet et quia incidunt vitae incidunt. Eveniet consequatur voluptatum blanditiis illo autem voluptatem.','1990-03-20 22:41:05','1988-08-27 03:57:55'),(53,22,24,'Aut cum cupiditate omnis laborum sit qui commodi. Rerum fugit deserunt quibusdam corrupti est dicta. Commodi aut nostrum cum ullam optio ut qui neque.','2008-02-29 09:38:14','1990-10-03 11:46:29'),(54,77,51,'Dolorem minus ut porro et quo laudantium. Est iusto sit sit est magni sit est. Quis sapiente itaque placeat amet rerum. Eum harum deleniti est pariatur quos odio sunt.','1993-03-26 10:36:43','1998-01-05 00:53:34'),(55,86,20,'Ut amet voluptatem et aut laboriosam explicabo temporibus vero. Et dolorem consequatur vero nihil facilis. Error quibusdam quas dolores expedita temporibus. Soluta veniam dolore sunt in.','2004-07-03 18:32:24','2019-01-27 14:44:52'),(56,62,25,'Eveniet quidem eaque velit sed iste voluptatem quos incidunt. Magnam facilis sit architecto aut. Rerum similique magni quas.','1970-09-29 02:47:41','1988-05-07 06:12:45'),(57,11,37,'Deserunt rem labore eos praesentium delectus et labore sapiente. Corrupti labore recusandae qui sit quia qui. Soluta consequatur magnam minus quia ut corporis temporibus. In doloribus id ex reiciendis cum.','2019-08-14 15:27:50','1990-07-10 16:55:01'),(58,82,9,'Odio repudiandae a quia quisquam delectus ad recusandae dolor. In nesciunt distinctio tenetur numquam molestiae consequuntur sit. Nostrum vel aut soluta. Rerum ut aut animi quas perferendis possimus natus veritatis. Sunt sit omnis laboriosam neque dolorem.','1983-12-01 03:43:43','1970-11-08 05:23:51'),(59,58,67,'Ab eaque qui deleniti tempore minima. Consequatur dolor et quis quidem ea. Beatae sequi in ut. Dignissimos sint nesciunt libero sit ut ea maxime.','1989-02-08 11:27:12','1995-01-24 12:29:53'),(60,41,11,'Rem dolorum sit dolorem. Molestiae quod voluptates sit illo quo. Laborum ut omnis quia quam et ut.','2021-10-23 11:29:12','1976-07-14 21:50:40'),(61,60,88,'Qui eos quia autem ut eos. Quae assumenda similique est est corporis. Nostrum fugit minima architecto eos hic voluptatem repudiandae.','1999-08-08 14:26:16','2011-10-09 17:32:10'),(62,98,52,'Magnam temporibus numquam asperiores aliquam laudantium et. Et consectetur in architecto odit molestiae. Dolor voluptates incidunt quia. Quis placeat voluptas corrupti perferendis.','1975-05-14 18:21:20','1979-05-12 08:40:41'),(63,53,54,'Et et occaecati consequatur voluptas. Animi temporibus velit quia placeat sit. Suscipit magni et et excepturi eaque quidem maxime.','1996-04-07 00:57:51','1988-08-16 16:04:43'),(64,74,77,'Molestiae nam corrupti nulla consequatur consequuntur eligendi. Suscipit qui voluptatem nesciunt sunt quasi. Nihil distinctio quis qui atque distinctio deleniti. Dolor possimus praesentium quam et vel magnam.','1977-07-13 05:46:05','2015-09-20 01:46:53'),(65,15,89,'Vitae adipisci molestiae dolor id. Illo et explicabo placeat. Perferendis quo est minima minus voluptatem animi sed nostrum.','2005-04-06 11:45:41','1972-01-13 07:11:45'),(66,85,95,'Voluptatem praesentium deleniti quos cumque corporis maxime officia culpa. Ut consectetur aut nihil ea autem optio consequatur. Perferendis quia eaque nisi dolores eius. Illo provident dolor nulla possimus consectetur quasi deleniti veritatis.','1972-08-03 05:36:27','2002-08-12 08:32:42'),(67,31,36,'Iste animi et quasi est alias ad magni. Debitis officia non accusamus corporis fuga necessitatibus sapiente. Et tenetur ea iste quasi deserunt animi. Doloremque molestias perferendis similique quia perferendis corporis veritatis.','1984-09-10 09:21:38','2006-05-28 19:02:45'),(68,48,56,'Et rerum dignissimos qui similique iure voluptatem pariatur pariatur. Labore id aut nostrum nihil non a tenetur. Pariatur consequuntur harum vero quia nesciunt numquam enim. Qui officiis nam accusantium dolores voluptas.','1988-07-29 17:59:01','1993-08-06 20:00:20'),(69,54,9,'Placeat blanditiis ratione ratione sequi soluta. Quidem aspernatur officia voluptatum. Ut voluptatibus consectetur molestiae quia eum consequuntur. Iste incidunt ipsam repellat qui quod dolorem voluptate rerum.','2006-08-29 17:33:02','2007-10-06 18:23:30'),(70,82,82,'Consectetur quaerat consequatur necessitatibus dignissimos officia qui reiciendis. Ab exercitationem sit tenetur assumenda.','2015-07-17 03:23:54','1981-10-11 20:50:34'),(71,94,16,'Quis sint totam laboriosam et cumque alias velit. Sit ab molestiae est minus harum cupiditate et nisi.','1999-08-11 02:52:34','2020-09-01 10:31:05'),(72,11,16,'Error aliquam ex dignissimos officia consequatur dolorem autem. Tempore quisquam nostrum ullam dolorum ratione fugit iusto. Magnam aut voluptatibus molestiae ut corporis. Adipisci consequatur dolor harum accusantium enim est.','1972-03-28 03:50:09','2017-03-30 06:39:18'),(73,71,9,'Consequuntur qui est expedita ad enim ipsum consectetur. Ad natus nisi voluptatibus rerum error. Quasi qui et reiciendis soluta fugit.','2012-09-25 01:11:59','1971-11-19 04:49:34'),(74,26,1,'Omnis aspernatur asperiores officia quisquam pariatur soluta eveniet saepe. Quidem velit similique perferendis exercitationem. Autem amet voluptas dolore accusantium eos tempora unde qui. Eum hic ea inventore asperiores magni est.','1973-06-15 18:46:18','2000-01-19 22:37:03'),(75,56,56,'Quia minus incidunt ea nihil tempora illo. Similique repellendus cupiditate facilis quibusdam. Pariatur praesentium natus accusamus dicta tempora quidem.','2008-07-26 05:02:27','1993-10-19 22:02:54'),(76,93,31,'Eum ea qui voluptatem eveniet eligendi. Voluptas quaerat sit hic eum. Itaque illo vero voluptatem odio omnis.','1972-07-03 05:08:35','2000-02-05 05:37:39'),(77,42,95,'Est quam alias blanditiis minus. Doloribus non ea corrupti quas ut exercitationem nam molestiae. Ut qui doloremque alias provident nulla.','1981-06-07 07:33:24','2008-11-19 09:38:35'),(78,60,29,'Corrupti a eos est fugit. Modi dolor repudiandae molestias id rerum repellendus atque. Libero earum nisi accusantium qui in nobis provident.','2005-12-14 10:41:19','1975-05-01 16:33:12'),(79,13,65,'Ut quidem nobis dicta exercitationem. Repellat qui est inventore expedita non eligendi. Est saepe a ea molestias quibusdam. Doloribus ducimus sequi et non.','1988-12-11 13:03:23','2018-07-07 06:37:59'),(80,47,57,'Sapiente laborum vero atque omnis alias beatae. Ut voluptas saepe consectetur consequatur ipsam. Dolorum et optio ullam et vitae tenetur.','1973-04-21 04:10:31','1985-09-14 13:25:58'),(81,98,43,'Nulla qui qui eligendi et fuga consequatur molestiae. Non aut dignissimos itaque neque facere. Quisquam et atque hic nesciunt quis.','1976-11-09 13:48:19','2003-10-14 15:49:17'),(82,53,90,'Ipsam placeat voluptates ullam laboriosam totam molestiae. Libero non commodi iure eos eius sit enim. Laboriosam minima ad vel nobis omnis. Qui quasi animi vitae non voluptas.','1972-06-18 11:27:15','2017-06-21 17:44:26'),(83,11,13,'A sed expedita fuga hic voluptatem neque repellendus. Amet et blanditiis dolor minima excepturi sint et. Eligendi dolorum ipsa nesciunt veritatis maxime cupiditate sunt consequatur. Omnis quo quod ipsam quia quam quam occaecati.','2008-09-20 16:18:17','1974-03-29 17:53:17'),(84,14,26,'Consequatur ex pariatur non autem. Eos temporibus eos et alias qui vero. Qui enim dolores perspiciatis beatae quod architecto.','2011-03-30 10:07:32','1998-01-06 21:08:16'),(85,79,70,'Ipsam recusandae impedit dolore et quae omnis sed. Numquam nulla est autem sit similique odio omnis. Voluptatem sed molestiae delectus occaecati asperiores et. Repellendus impedit odio nostrum molestiae quidem perferendis.','2001-05-21 16:46:38','1979-01-07 12:07:25'),(86,59,58,'Aperiam est laudantium quae et atque vel. Expedita est repellat vero soluta cumque culpa. Ut corporis at quae deleniti velit saepe reprehenderit et.','2007-08-18 19:33:01','1980-03-09 17:17:49'),(87,13,84,'Est tempore ratione facere cumque officiis libero laborum inventore. Ducimus nisi quibusdam explicabo aut consequuntur quam ut. Minima quam laudantium quis quis et qui.','2002-08-07 21:05:34','2018-09-06 18:44:46'),(88,96,74,'Consequatur officiis placeat quae dolorem sapiente. Quae quo quaerat autem non nobis neque. Alias rerum quia doloribus perferendis iusto sed odit at.','2001-12-13 10:39:55','2021-05-08 19:05:08'),(89,23,59,'Delectus harum nulla dolorem ab facilis. Quod consequuntur quia eius dolor. Nulla error voluptatem nostrum qui eum et. Dicta in atque aliquam aut sed.','2002-12-03 10:02:45','1998-09-02 04:01:33'),(90,73,56,'Totam fugiat nostrum provident vero ducimus. Dolorum molestiae aliquam qui sunt corrupti. Tempora qui asperiores quae et aut quisquam quia. Numquam quia iure ut aperiam.','1978-09-26 07:43:24','1982-08-18 14:33:18'),(91,55,80,'Vel et voluptatum provident mollitia qui libero nesciunt et. Omnis corporis aperiam eum facilis. Non blanditiis qui quia non. Voluptatem labore quisquam vel sapiente a.','1995-01-03 11:07:27','2013-09-21 12:35:42'),(92,64,48,'Officiis et velit possimus earum aut ad repellendus. Sit quam minima quisquam ut est autem qui. Placeat enim esse laborum repudiandae.','1980-11-09 19:13:44','2005-08-17 08:36:59'),(93,95,17,'Amet maiores voluptas omnis sit nulla repudiandae modi quia. Ex tempore laudantium provident omnis sapiente.','1976-04-21 17:46:18','1981-04-03 12:12:56'),(94,77,17,'Illum eum voluptatem similique repellat eum ut. Porro sunt est minus eius dolorem. Dolorem eius odio nesciunt atque eligendi quod. Molestiae exercitationem quod dolorem doloremque.','2019-08-14 21:06:20','2005-09-30 14:04:14'),(95,39,78,'Maxime incidunt molestiae consequuntur mollitia sint beatae. Ea eligendi iusto est fugiat qui. Praesentium asperiores aperiam minima ut est laboriosam. Accusamus nihil sunt nihil omnis rerum fugit.','1981-11-24 14:58:26','2015-07-31 01:02:23'),(96,92,95,'Laudantium et autem qui perspiciatis. Sed eveniet ad aut. At eum praesentium adipisci est ratione. Doloribus aliquam voluptas rerum eligendi laudantium optio.','1979-08-01 20:35:13','2010-04-24 15:46:28'),(97,53,91,'Illum eum illo ut quis dolores accusantium. Recusandae eum aut culpa eveniet asperiores quia ut architecto. Odio velit perspiciatis ipsam laudantium aut. Est non eveniet voluptate doloremque dignissimos quo. Quia eos recusandae voluptatibus.','2019-02-25 05:25:05','1978-11-09 03:24:42'),(98,13,44,'Dolorum suscipit quis iure hic totam. Et sint ullam impedit aut deserunt quia eos. Modi omnis dolor vitae nisi eius expedita accusantium. Non doloremque totam sunt sequi.','2021-04-10 12:58:21','1982-10-07 00:29:31'),(99,27,43,'Expedita dicta corrupti voluptas aut minus debitis explicabo omnis. Eveniet est quis quo. Delectus nam aut tempora ea qui facilis quia. Vitae nemo suscipit minus incidunt id ipsum fuga facilis.','1972-09-30 01:09:03','2005-01-05 03:00:57'),(100,60,31,'Nihil ex recusandae et fugit aut. Est voluptas aut distinctio enim ex repellat. Natus quo sapiente repudiandae et veniam. Molestiae sunt ea est officiis quia quos.','1973-06-26 17:20:24','1990-12-25 05:05:33');
/*!40000 ALTER TABLE `discussions` ENABLE KEYS */;
UNLOCK TABLES;

--
-- Table structure for table `forums`
--

DROP TABLE IF EXISTS `forums`;
/*!40101 SET @saved_cs_client     = @@character_set_client */;
/*!40101 SET character_set_client = utf8 */;
CREATE TABLE `forums` (
  `id` bigint(20) unsigned NOT NULL AUTO_INCREMENT,
  `name` varchar(100) DEFAULT NULL,
  `user_id` bigint(20) unsigned NOT NULL,
  `body` text DEFAULT NULL,
  `created_at` datetime DEFAULT current_timestamp(),
  PRIMARY KEY (`id`)
) ENGINE=InnoDB AUTO_INCREMENT=101 DEFAULT CHARSET=utf8mb4 COLLATE=utf8mb4_unicode_ci;
/*!40101 SET character_set_client = @saved_cs_client */;

--
-- Dumping data for table `forums`
--

LOCK TABLES `forums` WRITE;
/*!40000 ALTER TABLE `forums` DISABLE KEYS */;
INSERT INTO `forums` VALUES (1,'accusantium',29,'Quo et sint rem fugit aut sed. Excepturi sed quod impedit eos. Molestiae ipsam voluptatem beatae fuga doloribus neque quod vero.','2013-02-04 18:22:49'),(2,'aut',20,'Illum minus est qui. Saepe dolorum quis est molestiae non et iste. Voluptates ut mollitia illum veritatis.','1991-10-21 18:27:40'),(3,'voluptatem',66,'Quibusdam ut et et aut consectetur. Numquam id qui sunt omnis magnam minima. Assumenda vel assumenda molestiae et aut laborum. Accusamus consectetur dignissimos est dolore est odio. Accusantium laboriosam ut quidem cumque consequuntur molestias voluptatem.','2021-07-27 02:44:47'),(4,'sed',55,'Id veniam aut sed similique quo. Autem iste iste laborum dolorem sint cupiditate. Quo aperiam praesentium perferendis iure nemo.','1992-04-13 08:44:09'),(5,'aut',98,'Magni nam deserunt quia quos sed. Blanditiis natus omnis maiores possimus quis quidem. Vel in fuga quam.','2004-07-21 16:51:41'),(6,'nihil',49,'Ab et vel aut dolorum est quam aut. Excepturi voluptatum quo consequatur sed. Excepturi at consequatur vero amet cupiditate dolores dolore.','1970-12-18 10:36:29'),(7,'aliquam',85,'Dicta quisquam possimus et aut ut. Totam quia ut veniam et consectetur eveniet velit nam.','2011-09-21 07:22:49'),(8,'aut',88,'Veniam voluptas harum cum eius aut aliquam quae. Temporibus est quo repellendus. Et est nihil consectetur accusamus quo nesciunt et. Maiores voluptatem voluptas sequi nulla.','2007-12-13 20:12:20'),(9,'dolorem',25,'Inventore et molestias qui veniam expedita est esse consequatur. Aspernatur cupiditate modi debitis aperiam. Quasi voluptas natus est est nulla eos consequatur. Harum beatae molestiae consectetur neque voluptas ea. Porro expedita modi quos fuga debitis.','1984-02-05 22:01:26'),(10,'a',79,'Repellendus reprehenderit ut doloribus facilis consequatur et officia. Incidunt nihil iure quo saepe ullam.','1993-10-09 23:46:13'),(11,'voluptatem',63,'Id qui similique et quis repellendus quis fugiat. Vel culpa odio sit provident autem beatae. Et nulla facere non vero cum libero dolores.','1984-03-01 15:44:39'),(12,'itaque',7,'Eligendi sunt sed labore. Aperiam dolorem quia a nihil. Velit praesentium tenetur et ratione sint dolorem et architecto. Non sit et ea ipsa.','1997-09-17 16:36:42'),(13,'doloribus',78,'Ut rerum sed tempora qui voluptatem ut. Asperiores voluptatem perspiciatis aut at enim rerum vitae.','1982-08-31 00:17:00'),(14,'autem',34,'Maxime et architecto et optio. Sit perspiciatis id praesentium molestiae ut. Molestiae ab adipisci aut iste quaerat.','2010-12-13 22:12:11'),(15,'expedita',81,'Sit nulla repudiandae qui amet voluptas ut. Aut placeat consequatur adipisci harum est. Libero omnis illo voluptate sed. Dignissimos eos consequatur culpa neque.','1985-09-30 19:37:03'),(16,'suscipit',45,'Veritatis et nam et voluptatem optio. Aut quia voluptatum modi et voluptas assumenda esse. Est numquam dolor at dicta dolor. Pariatur sit architecto et illum.','2011-12-15 07:04:42'),(17,'eaque',31,'Quis blanditiis similique quia numquam cupiditate ipsum sint est. Aut quaerat quaerat aut tenetur. Sunt non quidem expedita nostrum harum voluptates similique. Voluptatum quia deleniti veritatis.','1984-06-20 02:48:07'),(18,'adipisci',100,'Pariatur omnis debitis aliquid beatae. Aspernatur quia vel et ut eos quia sed. Fugit consequuntur esse accusamus et. Voluptatem ad minus atque sed qui non dolores.','2001-07-15 00:36:22'),(19,'dolores',22,'Nihil consequatur tenetur nobis sit magni cum. Enim excepturi sit voluptatem doloribus molestiae praesentium aspernatur accusamus. Reiciendis ea at minus non necessitatibus magni voluptas asperiores. Quia quia ullam ut quaerat magni sit architecto.','2003-12-29 06:26:57'),(20,'temporibus',33,'Quia quasi non quo natus perspiciatis. Dolorem accusamus laboriosam accusantium ullam tempora. Fuga mollitia ipsum est nihil dolorem. Distinctio qui libero eveniet quia culpa est maiores illum.','1990-09-30 06:53:20'),(21,'ratione',33,'Magni est temporibus consequuntur dolorem consequatur. Mollitia vel quas iure nemo harum impedit et. Natus deserunt inventore architecto officia sed.','1973-06-22 14:30:48'),(22,'quisquam',81,'Et recusandae reprehenderit a non et ut. Quo adipisci minus quis qui laboriosam ipsa.','2009-10-30 07:55:51'),(23,'tempora',58,'Quis non nulla explicabo cumque dolores commodi qui. Et laudantium et officia tempore perspiciatis. Quis et omnis adipisci. Nostrum quisquam architecto dicta.','1995-12-02 15:09:08'),(24,'et',63,'Fugit suscipit atque similique culpa. Sint ea a nihil quo iusto ut est. Ut et aspernatur temporibus voluptatem voluptatum sed.','2003-02-24 16:37:26'),(25,'qui',2,'Fugit quia molestiae pariatur qui et. Sit ut quam repellendus minus et. Sit reprehenderit velit necessitatibus assumenda.','2021-10-15 14:49:45'),(26,'nostrum',30,'Ipsam vero a autem sed voluptatem. Labore aspernatur saepe dolorem esse. Ipsam itaque earum nam autem. Amet ullam doloribus et et dolorum.','1992-12-11 20:37:15'),(27,'est',8,'Facilis sed qui sint. Itaque neque atque deleniti aut ea itaque blanditiis. Id laudantium consequuntur natus totam aliquam et. Et voluptatem hic molestiae facere et sed consequatur.','1986-08-14 11:58:13'),(28,'accusantium',21,'Incidunt suscipit eaque vel temporibus aut recusandae qui. Quo velit est eos saepe magnam voluptatibus. Ex numquam tenetur ex dicta.','2016-01-01 13:03:08'),(29,'est',54,'Alias dolore tempore et qui quia architecto molestiae iure. Voluptas est accusantium sunt rerum. Nihil molestiae non quia veritatis ipsam quam.','2011-11-12 16:38:25'),(30,'esse',47,'Ad labore dolorum adipisci. Ex ut aliquam aut incidunt ut est. Quasi odio consectetur consectetur explicabo quam fuga eveniet.','2010-01-08 03:49:31'),(31,'nobis',16,'Ut ut blanditiis veniam et. Est porro fugit aut sed saepe animi. Laudantium facere natus deserunt sunt eveniet accusantium corporis.','2001-09-06 19:15:17'),(32,'placeat',11,'Voluptatem officia ducimus voluptatem consequatur molestiae quia distinctio. Alias velit consequatur explicabo quia quidem quam eius. Voluptatibus ea eum velit et magni aut provident. Libero natus inventore architecto explicabo dignissimos temporibus.','1998-05-05 01:58:23'),(33,'ad',6,'Voluptate maiores non corrupti ut et quo explicabo illo. Magnam enim voluptate maxime aut quo distinctio eaque.','2017-05-27 22:57:47'),(34,'est',55,'Molestias quidem voluptatibus illo ea non accusantium sunt. Autem eligendi asperiores aut dolor. Molestiae eos ea ea ut culpa non.','2020-03-09 20:12:41'),(35,'similique',85,'Non aut repellendus qui reprehenderit debitis vitae. Eligendi nihil aliquid necessitatibus amet eligendi. Ad incidunt odio est impedit ea aut corporis explicabo. Inventore amet quia ut veritatis ut omnis.','2003-09-03 12:09:32'),(36,'voluptatem',2,'Quia soluta quisquam sequi necessitatibus sed. Nobis exercitationem est ab praesentium necessitatibus qui explicabo asperiores. In inventore autem asperiores sunt ut et consequatur praesentium.','1991-08-03 06:17:17'),(37,'laborum',53,'Esse voluptas omnis aspernatur non. Nobis inventore ipsam odio qui odio alias atque. Nobis autem enim ut maxime. Eaque qui officiis quisquam ut reprehenderit amet sunt.','1988-01-13 08:25:27'),(38,'velit',99,'Labore nisi voluptas et et praesentium est. Est officia qui laborum eum omnis doloribus. Animi necessitatibus nam sed illum aut soluta accusantium. Ratione beatae earum aliquid omnis aut.','1981-09-05 01:07:44'),(39,'consequatur',37,'Cupiditate deleniti voluptatem ut dolorum et. Magnam qui nam alias ut. Et id numquam autem recusandae voluptatum.','1986-11-02 16:32:04'),(40,'dolorem',23,'Ipsa cupiditate quasi doloribus porro voluptate nihil aliquid. Facilis debitis nihil qui aut dolore dolorem odio.','1981-11-22 21:49:58'),(41,'est',92,'Voluptates est facilis dolorum dolorem doloremque qui. Asperiores quia quod rerum officia laboriosam qui natus. Perferendis in et rerum voluptate non ad.','1985-07-17 23:12:59'),(42,'sed',41,'Modi quasi atque molestiae ipsa corporis. Suscipit voluptatem labore voluptas aut.','1978-10-07 01:12:10'),(43,'iure',84,'Placeat qui tenetur harum a voluptates excepturi reprehenderit. Et exercitationem ut unde molestiae. Consectetur dolores voluptatibus doloremque eum blanditiis laborum tenetur. Dolor voluptas unde ut assumenda incidunt eligendi excepturi.','1985-02-03 07:10:06'),(44,'quos',33,'Quisquam dicta dolorem culpa enim voluptates. Numquam iste in nihil tenetur ut. Ut ullam nostrum autem dolorem et saepe et occaecati.','1994-02-07 18:40:03'),(45,'excepturi',3,'Quo distinctio error accusantium id reprehenderit sit. Qui rerum pariatur et voluptatibus. In nobis dolor maiores consequatur.','2002-04-18 01:31:06'),(46,'aliquam',15,'Aut reprehenderit expedita ipsa qui dolorem. Molestias illum velit amet sit. In magni sit ipsum quibusdam earum quia sint consequatur. Rerum est earum deserunt non quo possimus ducimus.','1980-05-01 01:48:23'),(47,'minima',100,'Non dolores qui commodi atque nobis omnis. Dolor sit accusantium temporibus rerum. Ea esse dolores dolorum sit eligendi qui quisquam.','1990-11-18 23:06:15'),(48,'aut',72,'Nulla praesentium accusamus qui. Ipsam fuga ea dolores earum ut autem. Dignissimos cum iure quasi rem. Adipisci vitae quia ab voluptas voluptatum aut.','2011-01-01 13:52:17'),(49,'voluptates',56,'Doloribus ipsum placeat labore qui soluta. Omnis aut incidunt dicta. Asperiores voluptatem eveniet cupiditate.','1994-08-15 07:27:06'),(50,'voluptate',66,'Consectetur aliquid voluptatum est enim voluptatibus minus ut. Velit aliquid ratione magnam quam. Omnis autem incidunt eum nihil natus ut eos minima. Rem consequatur numquam nesciunt velit labore laudantium reiciendis deleniti.','1990-11-03 10:59:41'),(51,'autem',44,'Est quia fugit aut veritatis expedita fugiat consequatur aperiam. Non magnam aut adipisci voluptas. Explicabo et officia aut dicta quia.','2000-07-31 13:04:45'),(52,'nobis',56,'Dolor architecto ea natus qui impedit libero. Non in eos omnis qui qui corporis. Inventore repellat sed dolores dicta ratione totam ut esse.','2020-03-30 06:39:11'),(53,'et',96,'Corporis praesentium ut est numquam nemo. Architecto ad sapiente maiores officiis. Accusamus mollitia facere harum corporis veniam voluptatem sit. Dicta sed veritatis tenetur et.','1991-04-22 02:32:54'),(54,'voluptates',82,'Qui laborum eligendi occaecati nostrum explicabo deserunt culpa. Voluptas facere rem rerum eius. Earum est veniam doloremque tempora. Qui quisquam magnam qui aut. Magni nesciunt earum similique nostrum maiores deserunt accusantium.','2017-07-30 03:27:11'),(55,'ea',91,'Aut doloribus autem qui tenetur quas in aut est. Rem minima vitae libero deleniti. Voluptate porro placeat quibusdam inventore.','2017-12-21 13:05:48'),(56,'eum',68,'Quis doloribus est velit non. Eos dicta est quo consequatur a voluptatibus quo vel. Excepturi qui reprehenderit voluptatum vel enim consequatur adipisci.','1991-11-12 11:57:14'),(57,'ut',32,'Vitae maxime suscipit quo aliquam ut tempore atque. Deleniti quidem minus cumque quia odio nihil. Optio saepe aut modi doloremque consectetur incidunt praesentium.','2011-07-24 23:50:07'),(58,'velit',62,'Quaerat placeat consequuntur in quam. Molestiae magnam necessitatibus totam quia mollitia vel.','2017-04-02 22:16:45'),(59,'quis',49,'Animi qui reiciendis aperiam eligendi commodi. Voluptatem sit quisquam soluta sed ut doloribus consequatur magnam. Incidunt saepe qui architecto sunt nesciunt enim velit. Consequatur consequatur quibusdam libero.','1986-11-21 09:51:50'),(60,'omnis',92,'Sint est ea eum. Non labore vero necessitatibus maxime molestiae perspiciatis assumenda. Eius at eum est necessitatibus quos eaque expedita. Quam sed aspernatur fuga.','2021-07-08 11:25:49'),(61,'autem',79,'Natus fugiat eum sequi recusandae corrupti voluptatem ab. Et facilis fugiat vel architecto at est sapiente. Possimus aut quia eum consequuntur. Dolorum delectus sint enim sed sint et perspiciatis. Tempore earum eaque magnam pariatur molestias veniam quaerat quibusdam.','1985-09-04 01:07:25'),(62,'totam',3,'Quis et ut natus quia cum recusandae quam. Voluptatem fuga aperiam fugiat. Consequatur optio molestias perferendis dolores natus quo.','1970-10-06 01:29:46'),(63,'sint',62,'Autem quo similique amet sed. Quibusdam voluptatem omnis eligendi dicta in blanditiis quo. Non consequatur voluptas neque eum mollitia ipsum.','1979-01-09 18:48:47'),(64,'libero',41,'Delectus voluptate rerum soluta perferendis qui pariatur. Quo doloribus cumque earum nam et. Architecto nisi reprehenderit dignissimos mollitia inventore. Quibusdam quas deleniti quis veritatis expedita odit.','2018-11-22 17:53:30'),(65,'possimus',27,'Vitae non qui doloremque pariatur incidunt dignissimos. Totam quis sapiente ab sed quo. Voluptate earum voluptates blanditiis similique. Laudantium sunt est dolor. Repellat deserunt enim provident eos voluptates vitae minus.','1993-02-05 01:38:07'),(66,'nostrum',24,'Est repudiandae provident necessitatibus facilis iste esse natus. Pariatur dolorum saepe quo vitae. Numquam sed dolore quae est. Ipsa accusantium iure alias.','1988-03-04 05:11:57'),(67,'iure',64,'Et doloremque quas inventore voluptatem deserunt aut eveniet. Tenetur rerum quas inventore. Minima modi vel laborum hic ipsam et eaque. Repudiandae sit impedit ut dolorem sit eius. Sunt sed et est occaecati.','2015-02-12 22:23:45'),(68,'sed',62,'Modi id nihil et. Consequatur quae facere aut ea debitis magni.','2019-05-28 03:08:31'),(69,'quia',93,'Nobis veniam nulla magni sint id. Debitis reprehenderit voluptatum eum repellendus aut non. Accusantium repellendus harum cum saepe.','2000-10-30 12:37:18'),(70,'adipisci',97,'Eligendi dolores est odit voluptatibus recusandae. Ut dignissimos et dolorem reiciendis quia est numquam. Et modi id qui quas voluptate modi nihil ut.','2017-09-08 17:55:18'),(71,'repudiandae',25,'Nulla quasi hic aliquam fugiat voluptatem in ducimus. Dicta enim consequatur voluptates quidem. Quisquam voluptatum quidem explicabo repudiandae soluta omnis. Dolorum unde quas ducimus quos.','2007-10-28 12:58:12'),(72,'et',96,'Voluptates quos molestiae ad quisquam reprehenderit. Neque ut pariatur ut aut necessitatibus vero voluptatibus. Laborum tempore doloribus quibusdam sint minima assumenda rerum. Deserunt ut vitae quam.','2015-05-21 13:18:42'),(73,'neque',78,'Aliquam voluptate ut distinctio vel. Et laboriosam ducimus a similique eum explicabo consequatur. Eius aut perspiciatis rerum facere ut consequatur voluptates. Reiciendis pariatur blanditiis sint culpa corporis sunt aperiam. Sint ut minima ex quae aperiam fuga esse.','1974-04-17 11:02:21'),(74,'numquam',46,'Delectus tenetur et quia omnis soluta. Atque itaque fugiat sit est voluptatum dolor dolor. Doloribus est voluptatem aut animi.','1974-09-02 06:06:31'),(75,'ipsum',96,'Ipsa autem rerum in et consequatur voluptas. Sunt accusantium illum sed quo ut pariatur dicta. Sapiente placeat eum officiis voluptatem id occaecati.','2009-04-05 16:20:27'),(76,'qui',98,'Doloremque temporibus ea est quam voluptatum quis. Id rerum eos maxime voluptas officiis tempora molestiae explicabo. Odio voluptatibus eaque omnis eum. Expedita delectus vel ut molestiae alias.','1974-08-16 01:00:50'),(77,'itaque',10,'Et ut et odit saepe est voluptatem. Praesentium consequatur enim fugiat est autem. Incidunt odio molestiae quia. Accusamus hic suscipit perspiciatis dignissimos ut quo.','2018-12-17 22:20:57'),(78,'iusto',56,'Beatae vel provident est dicta amet. Qui provident est voluptatem qui sit et. Architecto dicta ut ea.','1981-11-30 15:41:11'),(79,'sed',79,'Ut et optio mollitia voluptas. Vel quia et consectetur nesciunt harum officia possimus aut. Accusantium distinctio sed expedita repudiandae harum itaque. Non accusantium voluptate odit aliquid perspiciatis dignissimos atque.','2016-06-01 06:11:45'),(80,'sapiente',68,'Nesciunt in et et nam magni quia. Et itaque aperiam vel alias provident nobis. Officiis dignissimos facere illo consequatur omnis ut.','1974-10-19 23:37:22'),(81,'nulla',59,'Aut a labore doloremque deleniti reprehenderit. Quia ex et qui. Id in rerum nemo recusandae blanditiis et voluptatem. Consequatur corporis dolore totam quis ea non harum. Placeat quibusdam et aut laudantium non qui.','1991-12-28 06:15:16'),(82,'id',15,'Suscipit error recusandae recusandae provident fugit. Perspiciatis cumque maxime asperiores libero non sint perferendis. Dolorem enim et dolorem qui.','1996-05-18 01:02:24'),(83,'omnis',100,'Sed saepe in et modi odio repellendus vitae culpa. Consequatur vel adipisci quos dignissimos illo. Ut accusamus quae illum odio repellendus voluptas. Sed eum placeat facilis incidunt iure distinctio ipsa.','2019-06-17 18:36:15'),(84,'neque',33,'Voluptatem in quis quis corporis odio eum. Excepturi temporibus sit qui similique sunt. Molestias eveniet fugit natus explicabo.','2012-03-24 21:12:42'),(85,'aut',74,'Vitae sunt nihil qui. Quasi est recusandae assumenda ut et qui recusandae. Repudiandae ratione rerum sed. Fugiat voluptatem autem mollitia qui maiores officia aut.','1996-07-24 01:53:19'),(86,'sequi',81,'Adipisci sed dolore vel et quo. Non similique ipsum fugiat rerum qui sed et illum. Aspernatur aperiam sint facilis et et dolor. Ullam modi laboriosam eligendi necessitatibus maiores.','2003-02-16 21:40:48'),(87,'dolor',82,'Ab repellendus culpa sit aspernatur nemo. Nihil voluptatem consectetur sequi non voluptatum nihil aut.','2022-10-18 08:19:53'),(88,'deserunt',71,'Officia corrupti fugiat id debitis quibusdam est. Temporibus atque ex qui enim hic eum. Fugiat occaecati voluptatem magnam eius. Placeat quo nostrum magni eaque non.','1992-09-20 19:16:26'),(89,'voluptates',42,'Rem autem porro ut saepe consequatur tempore. Ut at sint nisi consequuntur saepe. Dolorem laborum molestiae dicta optio voluptatem tenetur. Eos sed iusto commodi dolorum nisi rerum eum.','1990-02-12 20:27:00'),(90,'ad',32,'Earum facilis quasi soluta quaerat repellat. Dolores officiis labore sunt deleniti. Et et ut maiores nihil vel vitae.','2008-06-06 10:56:27'),(91,'voluptatibus',25,'Aut nostrum accusamus aut quia. Numquam fuga rerum molestias maxime totam saepe fugit. Sit velit provident ad nulla amet est. Quia nam qui aut sed quam.','1997-09-19 15:18:05'),(92,'eos',58,'Error hic adipisci dolorum molestias. Tempore dolor sunt quod et hic dicta perspiciatis tempore. Enim nihil dolor pariatur nulla.','2001-03-06 16:52:40'),(93,'sed',65,'Id magni quia et qui quidem voluptatum. Esse in sunt facilis tenetur soluta ut ullam. Possimus aut nobis et modi illo illum error. Recusandae eum odit et modi repellendus consectetur a. Dolores natus reiciendis earum placeat eos beatae.','2017-11-16 17:41:22'),(94,'voluptatem',17,'Aspernatur nobis quia nam dolore est. Ut temporibus magnam itaque reprehenderit. Quis veritatis dolores placeat et fugit.','1981-06-01 14:48:26'),(95,'perspiciatis',84,'Accusantium commodi ad dolorem accusantium dignissimos. Inventore cum quidem aut fugiat quia consectetur. Et molestiae non assumenda omnis illum tempora perferendis. Aut nostrum mollitia ullam a error occaecati optio. Animi et facere quo.','1990-01-02 03:21:52'),(96,'ut',89,'Voluptas labore nostrum perspiciatis sint eaque cumque est. Quia incidunt minima autem reiciendis qui. Eos aliquid illo debitis eveniet dolor placeat consequuntur.','2010-08-16 12:14:35'),(97,'magni',39,'Eum laboriosam iste aut iusto optio nemo voluptas. Eaque dolor quam recusandae dolor. Ea dolores consequatur sed et tempore. Sequi quia consequatur aliquam non quia voluptas provident.','1989-03-22 11:22:37'),(98,'perferendis',80,'Dolor cupiditate quis dolor suscipit. Qui quaerat praesentium voluptas neque.','1996-02-23 12:22:33'),(99,'hic',54,'Velit accusamus quia odit quia ipsa. Quidem minus iste suscipit eligendi sapiente quia. Expedita earum quis hic id.','1986-11-27 06:02:11'),(100,'qui',75,'Quo ullam delectus consequatur et aliquid. Sed laudantium dolore asperiores atque nihil. Est porro sapiente quia ratione accusamus repellendus ipsum. Rerum debitis quia placeat animi accusantium commodi. Tempore aut distinctio dolorem est error harum soluta.','2018-01-21 14:42:08');
/*!40000 ALTER TABLE `forums` ENABLE KEYS */;
UNLOCK TABLES;

--
-- Table structure for table `forums_articles`
--

DROP TABLE IF EXISTS `forums_articles`;
/*!40101 SET @saved_cs_client     = @@character_set_client */;
/*!40101 SET character_set_client = utf8 */;
CREATE TABLE `forums_articles` (
  `forums_id` bigint(20) unsigned NOT NULL,
  `articles_id` bigint(20) unsigned NOT NULL,
  PRIMARY KEY (`forums_id`,`articles_id`),
  KEY `articles_id` (`articles_id`),
  CONSTRAINT `forums_articles_ibfk_1` FOREIGN KEY (`forums_id`) REFERENCES `forums` (`id`) ON DELETE CASCADE ON UPDATE CASCADE,
  CONSTRAINT `forums_articles_ibfk_2` FOREIGN KEY (`articles_id`) REFERENCES `articles` (`id`) ON DELETE CASCADE ON UPDATE CASCADE
) ENGINE=InnoDB DEFAULT CHARSET=utf8mb4 COLLATE=utf8mb4_unicode_ci;
/*!40101 SET character_set_client = @saved_cs_client */;

--
-- Dumping data for table `forums_articles`
--

LOCK TABLES `forums_articles` WRITE;
/*!40000 ALTER TABLE `forums_articles` DISABLE KEYS */;
INSERT INTO `forums_articles` VALUES (1,10),(2,99),(3,74),(4,96),(5,86),(6,69),(7,99),(8,59),(9,68),(10,79),(11,99),(12,4),(13,68),(14,94),(15,18),(16,27),(17,59),(18,62),(19,85),(20,69),(21,71),(22,24),(23,66),(24,68),(25,25),(26,65),(27,87),(28,67),(29,63),(30,69),(31,1),(32,24),(33,22),(34,36),(35,98),(36,52),(37,8),(38,9),(39,91),(40,89),(41,49),(42,85),(43,7),(44,71),(45,9),(46,84),(47,58),(48,43),(49,41),(50,2),(51,24),(52,1),(53,64),(54,53),(55,75),(56,45),(57,5),(58,97),(59,76),(60,78),(61,8),(62,96),(63,87),(64,87),(65,76),(66,41),(67,26),(68,92),(69,19),(70,89),(71,47),(72,25),(73,82),(74,33),(75,60),(76,91),(77,16),(78,56),(79,74),(80,8),(81,45),(82,74),(83,30),(84,68),(85,84),(86,98),(87,39),(88,15),(89,1),(90,65),(91,96),(92,44),(93,31),(94,99),(95,32),(96,63),(97,17),(98,60),(99,3),(100,24);
/*!40000 ALTER TABLE `forums_articles` ENABLE KEYS */;
UNLOCK TABLES;

--
-- Table structure for table `history`
--

DROP TABLE IF EXISTS `history`;
/*!40101 SET @saved_cs_client     = @@character_set_client */;
/*!40101 SET character_set_client = utf8 */;
CREATE TABLE `history` (
  `id` bigint(20) unsigned NOT NULL AUTO_INCREMENT,
  `articles_id` bigint(20) unsigned NOT NULL,
  `user_id` bigint(20) unsigned NOT NULL,
  `body` text DEFAULT NULL,
  `created_at` datetime DEFAULT current_timestamp(),
  `updated_at` datetime DEFAULT current_timestamp(),
  PRIMARY KEY (`id`),
  KEY `articles_id` (`articles_id`),
  CONSTRAINT `history_ibfk_1` FOREIGN KEY (`articles_id`) REFERENCES `articles` (`id`) ON DELETE CASCADE ON UPDATE CASCADE
) ENGINE=InnoDB AUTO_INCREMENT=101 DEFAULT CHARSET=utf8mb4 COLLATE=utf8mb4_unicode_ci;
/*!40101 SET character_set_client = @saved_cs_client */;

--
-- Dumping data for table `history`
--

LOCK TABLES `history` WRITE;
/*!40000 ALTER TABLE `history` DISABLE KEYS */;
INSERT INTO `history` VALUES (1,18,66,'Nobis quas distinctio voluptas eum pariatur. Maxime eum est iure deleniti. Praesentium dicta ut a ea excepturi. Et vitae corporis illo nisi similique omnis. Sed nemo praesentium quia excepturi.','1976-01-18 22:50:45','1984-10-30 21:48:12'),(2,35,84,'Non consequatur fuga autem architecto adipisci quo ipsa aliquid. Itaque voluptas possimus corporis non.','2017-12-14 03:24:34','1973-03-16 09:20:24'),(3,34,98,'Neque ut provident voluptate praesentium doloremque nisi. Et velit dolores architecto iusto soluta ipsam quis. Qui aspernatur hic provident ut.','1982-05-26 23:55:32','1992-07-28 10:30:52'),(4,2,88,'Ut tenetur praesentium sed dicta eligendi. Dolorem nesciunt dolorem aut.','2021-12-19 14:56:04','1996-09-14 01:59:44'),(5,13,86,'Nisi rerum et nam. Corrupti aliquid accusamus enim qui pariatur consequuntur iure. Est consequatur blanditiis laborum eum omnis dolores amet.','1974-09-25 19:14:11','1998-01-02 19:03:01'),(6,38,14,'Rerum rerum aspernatur fugiat incidunt aut. Corrupti aut consequuntur et. Dolores saepe occaecati ipsum dolorem officiis corporis accusantium. Magni molestiae similique est pariatur aut voluptatem itaque officia.','2007-06-04 17:06:47','1992-06-22 09:28:58'),(7,5,44,'Qui odit id soluta optio. Qui sequi asperiores ipsam. Pariatur recusandae voluptatem voluptatibus nulla laborum. Et architecto omnis et eligendi ipsum.','1995-06-21 23:58:13','2014-12-06 21:31:33'),(8,39,3,'Exercitationem consequatur voluptate reprehenderit voluptatem sint odio saepe. Cupiditate et vero magnam. Enim dicta et nisi illo.','2005-08-17 04:56:02','2002-07-02 10:55:31'),(9,15,9,'Et et reiciendis quis est aut debitis non. Sed consequatur eaque voluptate enim quas. Id molestiae odit ut soluta et fugit dolores.','1985-02-04 17:09:28','2005-09-06 18:48:29'),(10,56,74,'Iure est id ut cupiditate voluptatem. Eaque ex molestias velit sunt. Error enim beatae est odio.','1974-01-05 12:58:12','1975-07-20 15:46:20'),(11,96,51,'Veniam quibusdam doloribus praesentium et. Atque similique error iusto quos. Minus tenetur nihil iure fugit dolorum.','2021-01-11 00:10:26','1977-09-10 22:44:11'),(12,30,93,'Architecto cumque aut dolore aperiam. Numquam omnis magnam vel. Fugit eum corporis repellendus fugit officiis. Ullam in perspiciatis qui architecto. Laudantium possimus reiciendis magni aut sapiente quia autem eius.','1992-03-13 11:02:51','1979-04-24 06:42:31'),(13,3,17,'Quia neque saepe quas iure quis a. Illo sit maiores dolor laboriosam ab consectetur. Repudiandae corporis est sequi doloremque.','1992-05-26 03:33:42','1974-07-05 23:30:36'),(14,13,43,'Quaerat eum ut molestias assumenda cupiditate sunt distinctio. Provident sapiente quae molestiae nihil voluptatum et nihil. Hic commodi odit aut.','1978-06-12 08:54:45','2003-04-16 14:18:16'),(15,79,38,'Amet ut eos ex ut vel. Facere non est et labore eaque fugit a. Aut cumque est dolorum necessitatibus quis veritatis. Omnis architecto quo voluptas aspernatur non eaque totam.','1970-11-01 19:58:26','2004-03-25 15:22:15'),(16,8,33,'Sint repellendus laborum vero. At voluptatem voluptates reprehenderit minus natus error. Non omnis ipsum earum voluptatem reiciendis esse tempora.','1972-12-01 03:40:43','1987-01-06 14:52:46'),(17,25,17,'Animi voluptatibus id iusto id blanditiis. Quo dolore est dolor deserunt omnis a suscipit. Necessitatibus eos quam velit sit nesciunt.','2019-10-29 22:00:56','1980-03-16 22:47:41'),(18,88,89,'Quasi ullam voluptas nihil voluptate suscipit et voluptas. Nihil repudiandae delectus mollitia. Sapiente accusamus quas repudiandae ea.','2015-06-16 00:55:13','1973-11-07 21:02:54'),(19,38,82,'Dolor quibusdam exercitationem alias sed saepe quia. Consequatur eius eveniet culpa sunt saepe aut cupiditate quidem. Dicta qui consectetur voluptatem vitae consequatur labore.','2005-09-02 08:57:35','1987-06-26 22:27:06'),(20,47,80,'Quia omnis molestiae adipisci odit. Sequi maiores dolores officia vitae voluptatem officia. Ut qui ut corrupti. Dignissimos corporis atque non quia et cupiditate ea. Qui laborum eveniet qui unde consequatur.','2000-09-28 01:57:41','2014-11-14 00:06:46'),(21,98,40,'Repudiandae est commodi quasi facilis nobis. Explicabo vel deleniti et eaque ad culpa molestias. Error voluptatem veniam accusantium tempora eos omnis. Eius temporibus earum eaque ratione.','2016-11-15 00:08:02','2018-09-03 15:52:24'),(22,90,90,'Non non labore fugit perferendis non et pariatur. Provident id dolor voluptatem culpa veniam ratione et facilis. Et sapiente ea aut inventore. Natus maxime odit consectetur excepturi omnis animi voluptas.','1983-12-15 02:26:04','2019-01-22 08:37:41'),(23,40,3,'Quis omnis tempore autem saepe beatae tempore rerum. Et ipsum dolores provident et. Voluptatem deserunt cupiditate quos a. Placeat et adipisci omnis sit.','2017-11-29 02:25:02','1990-12-18 13:04:24'),(24,56,18,'Numquam asperiores sed sed nostrum eligendi quia. Voluptatum earum itaque officia numquam facilis esse vitae. Id est aperiam reprehenderit quia ipsum. Veritatis sapiente suscipit eveniet est ut.','1986-03-23 14:00:47','2010-12-26 10:32:34'),(25,84,43,'Reprehenderit ea nihil consectetur ipsum voluptate. Hic suscipit omnis commodi reiciendis beatae adipisci.','2006-10-09 16:26:05','2011-07-28 14:23:14'),(26,84,45,'Facere necessitatibus et consequuntur eos officiis. Aut fugit ut deserunt quia aperiam aut cumque vero.','1997-02-19 10:29:39','2006-11-14 22:26:23'),(27,24,47,'Officiis ut rerum mollitia veritatis ex. Omnis cupiditate sequi consequatur repellat vero omnis voluptatem. Minima asperiores amet temporibus odit corrupti.','2014-02-03 10:30:49','2009-12-04 10:59:40'),(28,68,94,'Quis et nam aut tempora pariatur. Blanditiis autem ut quia quibusdam. Et voluptatibus placeat iure sed id enim.','1989-03-17 07:23:18','1975-07-08 20:28:16'),(29,2,71,'Maxime incidunt commodi sint debitis quae. Minima nesciunt blanditiis id ut ut ratione laborum voluptatibus. Ut quia et rem.','1973-07-26 06:10:21','1975-09-14 15:55:13'),(30,21,20,'Rerum saepe architecto quam nihil distinctio. Velit labore provident eligendi reprehenderit illo consequatur omnis. Rem quia eos ut. Iure magnam voluptatem ad vel.','1998-04-09 23:15:59','1972-01-10 20:59:22'),(31,51,14,'Quam eius atque odit accusamus nemo. Voluptas quia velit quaerat aut ea accusamus. Dolorem voluptatem sint eos modi. Fugit sapiente a debitis aut vitae nisi labore.','2023-04-09 17:25:06','1974-01-11 16:42:02'),(32,39,95,'Illum vero explicabo quo at. Quia et est omnis ipsum. Quibusdam et sunt quidem. Itaque voluptatem quaerat repellendus minus aut et saepe.','1994-06-08 02:02:56','1999-08-28 19:28:02'),(33,51,45,'Ipsum neque nihil aut deserunt. Delectus laudantium deleniti ducimus vitae enim doloribus. Et officia et placeat nemo.','2007-02-22 02:36:56','2012-09-28 11:57:07'),(34,71,73,'Ut autem placeat nostrum saepe cupiditate doloribus veniam blanditiis. Illo illum autem iste nobis. Et magnam non omnis.','2003-11-17 19:30:35','1974-06-14 02:27:42'),(35,86,15,'Aperiam rem autem accusantium voluptatem corporis. Et modi omnis omnis voluptatem voluptatum. Earum sed et et aut. Quia adipisci laudantium eos blanditiis voluptas voluptas ab voluptates.','1980-01-28 23:47:48','2014-03-04 21:57:23'),(36,48,58,'Aliquid expedita reiciendis voluptatem dolorem dolore. Aliquam cupiditate eveniet sed. Officiis qui reprehenderit rerum ipsum sapiente est molestias. Et qui dolorem enim.','1989-07-09 14:49:17','2005-05-30 02:24:42'),(37,65,49,'Magnam voluptatem nihil enim ut. Animi suscipit ipsa velit exercitationem explicabo.','2002-11-06 16:04:16','1991-06-20 16:01:43'),(38,25,28,'Quidem voluptatum sunt neque et. Inventore officia placeat molestiae qui et. Consequatur cum fuga qui nihil similique hic voluptatem.','1988-10-26 23:51:29','1980-11-24 09:45:38'),(39,90,60,'Et nostrum vitae fuga ipsa dicta vero aspernatur. Expedita omnis et optio eum amet veritatis expedita odit. Dolorem vitae et temporibus fugiat. Harum nulla ea expedita corrupti ad reiciendis.','1991-07-28 02:19:02','1994-09-26 08:18:22'),(40,59,29,'Qui omnis maxime repellendus et. Consequatur corrupti laboriosam ea. Qui aut ut debitis quas dolorum omnis ut. Commodi maxime omnis ut itaque autem inventore.','2006-04-07 19:09:39','1970-08-22 07:18:59'),(41,40,85,'Quo sit quia quos eius nemo eos distinctio. Iure et voluptas est. Enim quidem totam dolor blanditiis.','2020-01-14 01:15:24','1976-07-04 17:59:53'),(42,6,84,'Assumenda nesciunt sunt minus autem. Non excepturi velit est cum aliquam cum. Velit sint placeat voluptas minima provident inventore. Rerum pariatur velit ratione vel et illo quod.','2016-05-13 18:31:44','2015-10-15 12:37:54'),(43,67,21,'Impedit sequi eos veritatis enim. Doloremque veniam nobis atque blanditiis ullam nihil. Dolor quia repellendus sequi illum omnis quo aliquid.','1999-05-23 11:20:55','2018-04-14 16:32:48'),(44,81,63,'Est eligendi qui fugiat eum earum quia ut. Sint perspiciatis qui quidem accusantium est libero. Laudantium nesciunt quasi unde saepe asperiores. Rerum ex eos excepturi natus ipsum perspiciatis quod.','1979-04-11 15:35:25','1999-02-25 21:55:15'),(45,81,19,'Quia ipsum atque repudiandae ut delectus. Atque reprehenderit consequatur dolorem blanditiis sit rem sunt. Accusantium mollitia facilis exercitationem adipisci nihil nesciunt. In ratione consequuntur nesciunt non nihil.','2002-04-17 13:54:46','1995-11-15 20:19:48'),(46,33,3,'Cumque harum animi sint officiis officiis quaerat quibusdam asperiores. Molestiae cumque ut blanditiis voluptate. Maxime voluptatem aut harum quas. Impedit aut dolore placeat magni dolores atque exercitationem ut.','1999-05-06 14:45:52','2021-07-31 11:01:55'),(47,57,91,'Eveniet sit perspiciatis magni nostrum nemo rerum. Iste qui ut dolores distinctio et. Recusandae itaque et ut molestiae voluptate unde. Sequi quam placeat facilis molestiae.','2015-02-20 07:51:16','2005-10-24 06:09:54'),(48,37,54,'Culpa repellendus repellendus nulla aut. Atque delectus ipsam quis. Nihil et impedit ea.','1982-10-18 06:00:28','2011-05-21 20:51:55'),(49,2,100,'Impedit quia mollitia voluptatem labore assumenda est voluptatem. Voluptatem magni et dolores fugiat. Odit molestiae culpa et alias labore. Sunt perferendis velit odit a.','1998-05-09 13:43:05','1977-06-04 09:38:00'),(50,76,13,'Et sapiente ipsa accusamus. Rerum voluptas necessitatibus praesentium. Aliquid quae qui dolore quia quam. Doloremque enim modi et quia repudiandae officia sapiente.','2017-07-10 00:22:06','2004-11-03 12:07:06'),(51,42,89,'Sit expedita quas nobis nesciunt. Cum voluptatem quo nihil mollitia aut. Quam beatae animi ipsa et. Nobis tempore magnam adipisci amet dolores et aut.','2005-11-19 11:50:32','1990-06-04 19:47:40'),(52,41,5,'Perferendis nobis porro numquam et reiciendis nesciunt dicta. Cupiditate incidunt necessitatibus et velit aut laudantium tempore. Iste quasi optio dolorem et.','1981-07-03 14:41:54','1995-05-11 10:21:38'),(53,97,63,'Aut quia reprehenderit corporis cupiditate. Nulla iusto hic hic commodi ea. Est sit harum omnis inventore. Voluptatem asperiores et sit voluptates blanditiis.','1973-11-06 12:22:56','1992-04-24 07:11:48'),(54,55,91,'Dolores ducimus occaecati fugit vero vero. Vero iusto ad consequuntur vero beatae. Porro qui quos quia repellat autem.','2019-08-19 14:55:11','1996-03-21 19:28:54'),(55,30,45,'Impedit omnis fugit aspernatur et quas omnis. Sint iste ut at qui non est. Eveniet iste quo fugiat qui et quibusdam ipsam.','1979-05-26 12:10:13','2018-10-14 07:07:25'),(56,26,14,'Ut laudantium et ullam ut autem. Est incidunt repellat non non assumenda. Voluptate incidunt ea deserunt sequi.','2013-07-22 11:41:50','1982-12-27 18:48:14'),(57,80,7,'Cum ipsum iste ducimus vel reiciendis magnam optio. Sunt rerum ea earum modi et dicta ratione. Aperiam ipsa praesentium et omnis. Quia dolores vel error voluptates quis.','1976-12-12 12:13:39','1992-12-13 05:03:47'),(58,99,77,'Rerum laudantium iste ut velit. Sed qui deleniti voluptatem quibusdam culpa vel et. Eaque qui nemo ab unde beatae.','2001-02-15 20:23:26','2002-01-19 04:25:25'),(59,76,9,'Quas libero officiis itaque neque repellendus. Fugiat et non laborum. Maiores libero aut dolorem rerum omnis molestias nam reprehenderit.','2014-04-25 01:57:01','2006-01-10 10:02:20'),(60,94,59,'Iusto optio blanditiis aperiam accusantium optio. Est totam qui assumenda est voluptatum culpa. Id adipisci omnis qui exercitationem itaque accusamus ut. Magni fugit architecto suscipit et nihil atque.','1993-12-22 16:36:43','1993-03-25 05:53:45'),(61,14,21,'Qui autem ea ducimus fugiat explicabo et. Quas consequatur tenetur itaque porro ut nihil. Impedit et ut id hic voluptatem deleniti. Repellendus optio dolor commodi debitis vitae alias voluptatum tempora.','2018-05-22 22:25:10','2016-02-04 20:33:33'),(62,39,82,'Dolorum fugiat et iusto. Atque voluptatem nam nisi eos nulla est. Et et praesentium laudantium officiis.','1981-04-26 08:58:43','2003-09-29 21:50:02'),(63,72,4,'Ullam ea velit exercitationem non nemo doloribus. Et qui quia optio pariatur nam sapiente nisi.','2002-06-23 14:33:49','1970-11-13 02:48:28'),(64,64,75,'Tempore consequatur laborum delectus maiores nihil. Repellat placeat quas animi qui. Tempore aut id autem iusto voluptatem eligendi est.','1975-05-05 08:39:38','2004-01-06 13:09:27'),(65,49,21,'Repudiandae est ut doloremque totam velit dolores temporibus. Nisi ut possimus beatae cumque. Aut sed animi aliquam ad. Id expedita pariatur consequatur aut facilis quia.','1998-03-01 05:17:18','1982-02-22 19:27:16'),(66,73,84,'Quam officiis adipisci id maiores. Harum sit soluta optio quo et a cupiditate.','1988-09-23 13:41:58','2013-10-14 20:04:12'),(67,78,53,'Atque et similique quibusdam error. Dolorum omnis quia molestiae est. Voluptatem fugit delectus possimus dolorem vel. Eligendi aut dolorem dicta qui.','2015-04-04 09:27:13','2017-03-03 04:50:54'),(68,56,7,'Ut omnis necessitatibus odio suscipit voluptas dolor. In magni et qui maiores. Tempore aperiam in quia sequi consequatur perferendis. Corrupti et magnam quo qui qui eius. Perferendis vero officia eos sunt.','1993-03-12 03:55:12','2022-10-31 17:22:46'),(69,61,59,'Ad qui aliquid sed id. Aliquid repudiandae consequatur nisi reiciendis et et. Corporis voluptate maxime sit dolor atque temporibus ab. Ab quia dolores dolorem natus.','1990-03-27 22:55:50','1985-03-22 05:15:14'),(70,62,41,'Non animi qui voluptates iste ea nihil. Ea consequatur sint consectetur ut. Corrupti mollitia sit necessitatibus. Dolores possimus aperiam sapiente aliquid facere sit perspiciatis.','1994-09-12 11:15:52','1972-08-27 19:28:30'),(71,65,82,'Fugiat ab repellendus cumque minus sit amet labore. Ut voluptas voluptas enim facere tenetur repudiandae hic. Voluptatem aut ea et repudiandae porro.','1996-08-17 09:16:12','1975-11-21 09:38:57'),(72,76,36,'Dolorem esse expedita nisi aut voluptatem. Laboriosam similique porro optio deleniti non amet reprehenderit. Animi et quia et velit minus. Quibusdam est ipsum aut laudantium. Aut est veritatis impedit est nihil voluptate molestias.','2013-05-23 08:35:37','2021-06-02 16:28:42'),(73,68,97,'Consequuntur magnam ut repudiandae nam earum. Laboriosam non nam quis corrupti. Earum aut non dolor quaerat harum ut. Vel neque est in harum.','1998-06-13 10:26:14','2015-02-14 12:39:19'),(74,94,65,'In quo quaerat quo ex nemo voluptas. Sint in est dignissimos natus similique voluptatem culpa quia. Numquam modi rerum perspiciatis repudiandae. Suscipit minima ex deleniti perferendis.','1987-12-01 12:16:14','1974-10-24 05:37:14'),(75,79,53,'Quasi non praesentium animi quae eos. Sed laboriosam assumenda rem molestiae blanditiis. Iure labore minus eos excepturi debitis blanditiis.','1972-09-10 00:42:01','2016-01-14 18:51:57'),(76,51,13,'Officia nostrum inventore numquam et. Asperiores ipsam quisquam sequi minima ipsum quo nam asperiores. Dolore ut distinctio voluptatem at aut officia. Aut adipisci eligendi ducimus odio iste. Dolorem eaque dolores modi maiores eius alias.','2005-01-24 09:32:02','1990-05-26 21:42:04'),(77,40,72,'Et consequatur ex vel aut. Odio ut voluptas nesciunt pariatur magni omnis tenetur autem.','2006-01-21 11:50:31','2000-12-18 14:43:54'),(78,67,77,'Labore nobis quia nam est. Voluptatem nemo dolorum labore repellat sit natus. Non ad quasi aperiam minus veniam totam. Quo eos quae possimus ullam voluptatum. Veniam iusto et nulla.','2023-05-28 09:54:16','1977-03-24 09:06:33'),(79,56,22,'Nihil enim consequatur omnis veritatis. Tempora amet totam enim nostrum enim ut. Nihil repellendus molestiae esse ea numquam temporibus delectus. Enim consequatur dicta ut necessitatibus soluta. Officiis in quis natus dolorem totam at laborum.','1987-11-29 18:34:53','1996-12-03 04:50:48'),(80,100,85,'Non consequatur officia consequuntur. Qui beatae aut asperiores autem saepe ullam.','2016-01-22 19:36:10','1987-08-02 21:39:16'),(81,70,40,'Aspernatur natus deserunt et suscipit. Ipsa facilis commodi sequi et laborum. Dolorem sit temporibus nobis qui est deleniti a voluptatum. Unde et et eligendi qui.','1991-06-02 21:16:12','2016-08-24 04:57:20'),(82,36,100,'Error iste aut eum tempora minima. Eos nesciunt et consequatur omnis et magni. Aliquam voluptas mollitia amet error accusantium.','1983-08-26 01:22:32','2014-03-04 22:30:57'),(83,90,48,'Consequatur sunt eos est et. Et ad omnis rerum enim ut temporibus. Debitis et aliquid enim beatae. Sunt unde incidunt qui dolores.','2007-10-17 13:38:02','2019-05-23 22:37:41'),(84,39,58,'Enim itaque est ea accusamus doloremque temporibus. Et expedita fugit accusantium cupiditate vel. Ducimus nemo accusamus architecto numquam necessitatibus repudiandae. Nihil assumenda vel deleniti aut.','2008-09-13 16:47:44','1974-11-09 06:39:37'),(85,45,75,'A natus et et beatae ratione. Dicta in repudiandae error est. Veniam dolorem modi minima quia recusandae eos aut inventore. Soluta fuga et esse unde dolorum qui ullam aliquam.','1986-07-22 16:16:24','1982-01-09 00:54:56'),(86,95,72,'Earum animi perspiciatis quam est qui. Voluptatem quas reprehenderit tenetur. Voluptas et eos et id delectus. Nihil dolorum qui eaque doloremque illum iure. Nobis assumenda aliquam accusamus incidunt et necessitatibus reiciendis.','2016-08-09 14:04:02','1975-03-04 08:44:15'),(87,30,18,'Nobis numquam doloremque officiis voluptates minus animi omnis. Eveniet expedita sit dolores nam labore fugiat officia. Dolor aperiam excepturi voluptates et reprehenderit.','1984-01-13 20:07:11','2005-06-21 01:44:35'),(88,59,97,'Quis atque dolorem architecto debitis eum. Ullam tenetur suscipit numquam. Odit delectus hic sit non non provident.','1994-10-23 20:41:35','1995-06-18 20:15:53'),(89,36,7,'Alias mollitia ut eum ea vitae. Quia placeat omnis non fuga. Sint assumenda ut minus consequuntur error et ipsum. Velit nisi nisi libero.','1994-11-18 13:33:48','2005-11-13 05:16:05'),(90,63,99,'Nulla enim reprehenderit sapiente sequi maxime vel inventore inventore. Non nihil nihil omnis ipsa provident ratione. Eum placeat quas quod. Illo aut quod aut perspiciatis ad dignissimos nisi.','1992-06-18 19:04:57','2004-09-27 21:04:21'),(91,32,24,'Qui et earum laudantium numquam hic provident quibusdam. Rerum nam nemo corrupti tempora. Et consequatur nemo rerum ut omnis. Corporis placeat omnis et cupiditate quaerat recusandae qui.','1998-11-11 04:03:50','2003-05-13 03:20:42'),(92,86,54,'Sint numquam minima facilis nemo voluptatibus aperiam. Consequuntur nostrum itaque sed sit. Quia dolor et voluptatem beatae autem odit provident.','1999-11-22 01:53:39','1975-03-16 03:23:11'),(93,66,33,'Assumenda sed ex tempore suscipit voluptatem temporibus qui. Eius voluptatem nihil et architecto. Et tenetur possimus adipisci.','1995-09-29 14:19:05','1994-09-23 13:46:13'),(94,59,50,'Corporis architecto et culpa. Ut consequatur modi incidunt quo iusto fugiat vel aut. Est nam velit magnam quas voluptas dolores sit. Fugiat sunt dolores quia qui.','1980-06-28 11:44:16','2006-05-25 12:07:37'),(95,66,100,'Voluptatum quia minima eveniet qui distinctio. Deserunt corporis asperiores rerum enim dolore velit praesentium. Sit officiis dignissimos et id magnam officia. Explicabo dolorum molestias cum assumenda ducimus dolorem non.','2013-08-11 08:42:35','1993-03-03 07:36:23'),(96,71,86,'Reprehenderit vel qui impedit officia nam recusandae ipsum. Reiciendis veniam harum incidunt occaecati. Dolorum velit est dolore facilis commodi accusamus temporibus mollitia. Molestiae blanditiis quia similique ipsa.','2015-02-25 02:25:04','1993-04-12 12:28:38'),(97,82,93,'A dolorum ipsam vitae praesentium harum et aspernatur dolorum. Sunt quibusdam iusto omnis architecto quod ut dolor quis. Neque et rerum quisquam porro sit dolores repudiandae. Amet totam placeat saepe.','1993-06-24 19:48:20','2017-05-02 12:23:54'),(98,70,82,'Magnam modi reprehenderit minus. Porro officiis beatae aspernatur nesciunt. Excepturi doloremque et ipsa dolorem error nesciunt dicta.','2005-09-18 10:34:31','2015-02-18 18:12:06'),(99,76,60,'Corrupti magni consequatur consequatur officia ratione voluptas expedita nam. Recusandae ut distinctio ipsum sit. Soluta architecto aliquam voluptatem aliquid suscipit placeat autem.','2020-09-14 21:43:52','1974-05-15 21:19:25'),(100,51,5,'Cumque fugit omnis enim a qui. Sint quia dolores doloribus vitae vel assumenda qui quasi. Fuga sit rerum unde dolorem quis sed explicabo.','2006-03-30 20:43:53','2000-11-12 07:45:30');
/*!40000 ALTER TABLE `history` ENABLE KEYS */;
UNLOCK TABLES;

--
-- Table structure for table `literature`
--

DROP TABLE IF EXISTS `literature`;
/*!40101 SET @saved_cs_client     = @@character_set_client */;
/*!40101 SET character_set_client = utf8 */;
CREATE TABLE `literature` (
  `id` bigint(20) unsigned NOT NULL AUTO_INCREMENT,
  `body` text DEFAULT NULL,
  `notes_id` bigint(20) unsigned NOT NULL,
  PRIMARY KEY (`id`),
  CONSTRAINT `literature_ibfk_1` FOREIGN KEY (`id`) REFERENCES `notes` (`id`) ON DELETE CASCADE ON UPDATE CASCADE
) ENGINE=InnoDB AUTO_INCREMENT=101 DEFAULT CHARSET=utf8mb4 COLLATE=utf8mb4_unicode_ci;
/*!40101 SET character_set_client = @saved_cs_client */;

--
-- Dumping data for table `literature`
--

LOCK TABLES `literature` WRITE;
/*!40000 ALTER TABLE `literature` DISABLE KEYS */;
INSERT INTO `literature` VALUES (1,'Jed Marks',89),(2,'Mrs. Stephany Abernathy',80),(3,'Mrs. Alayna Spinka',41),(4,'Branson Zemlak',99),(5,'Prof. Maye Hand',50),(6,'Dr. Camille Shields Jr.',20),(7,'Mr. Emanuel Green',44),(8,'Miss Coralie McCullough PhD',60),(9,'Arden Reinger',27),(10,'Dr. Norval Tremblay Jr.',5),(11,'Kylie Mante',2),(12,'Clara Kreiger',14),(13,'Mrs. Sabina Hansen',100),(14,'Lacy Kuhn Sr.',47),(15,'Mrs. Marge Schowalter',24),(16,'Anastacio Legros',37),(17,'Alycia Cormier',30),(18,'Arnulfo Yundt',62),(19,'Monroe Hyatt',97),(20,'Meggie Beer III',85),(21,'Mrs. Lizeth Casper IV',40),(22,'Mr. Jensen O\'Conner',37),(23,'Roberta Miller III',25),(24,'Anastasia Balistreri',36),(25,'Miss Letitia Padberg I',17),(26,'Miss Mazie Mitchell I',7),(27,'Alek Green Jr.',29),(28,'Miss Nakia O\'Hara MD',47),(29,'Desmond Shanahan',22),(30,'Coralie Ullrich',15),(31,'Mr. Gilberto Kling',90),(32,'Marcus Koelpin',67),(33,'Gabrielle Runte',70),(34,'Susan Kuphal',15),(35,'Dr. Marvin Russel',15),(36,'Litzy Bogan',45),(37,'Kayla Koepp',17),(38,'Deron Klocko I',84),(39,'Wilburn Nikolaus',18),(40,'Kailyn Kunze',39),(41,'Mr. Frederik Gulgowski MD',27),(42,'Viviane Oberbrunner',24),(43,'Carleton Bernier',45),(44,'Loy Schaefer',31),(45,'Kianna Reichert',98),(46,'Dr. Leonel Metz',91),(47,'Reinhold Bode',95),(48,'Mrs. Kirstin Sauer',65),(49,'Ramona Brakus',77),(50,'Rudy Friesen',90),(51,'Kiel Rempel I',31),(52,'Gail Kris IV',46),(53,'Jarvis Denesik',85),(54,'Cornell Willms',50),(55,'Daphney Robel',22),(56,'Calista Kilback',89),(57,'Jennifer Berge',9),(58,'Prof. Terry Osinski DVM',87),(59,'Garrick Osinski I',46),(60,'Silas Kassulke',64),(61,'Patience Bayer I',92),(62,'Larissa Hessel',35),(63,'Rowena Bahringer V',11),(64,'Prof. Obie Moore',11),(65,'Erica Bartell',72),(66,'Casimer Dare',44),(67,'Joaquin Willms',71),(68,'Sunny Harris',100),(69,'Stone Jast DDS',88),(70,'Prof. Tiana Prohaska DVM',60),(71,'Ms. Savanna Dooley DVM',63),(72,'Dr. Stanton Collins III',74),(73,'Dr. Eleanore Greenholt II',23),(74,'Ms. Kylie Carter MD',53),(75,'Polly Hudson',88),(76,'Kaylin Cummings Sr.',37),(77,'Patricia Herzog',93),(78,'Tavares Rice',48),(79,'Shana Keebler',9),(80,'Leo Jakubowski',32),(81,'Chaim Pfannerstill',22),(82,'Marquis Pacocha',10),(83,'Vivienne Pagac MD',33),(84,'Kaycee Reilly',29),(85,'Constantin Hahn',34),(86,'Edwardo Bergstrom',75),(87,'Avery Walter',54),(88,'Mrs. Norma Funk',73),(89,'Reba Kuhic',69),(90,'Geovanny Gerhold I',33),(91,'Prof. Mack Casper IV',77),(92,'Hoyt Anderson',40),(93,'Horace Kemmer',23),(94,'Dr. Marcelo Ferry Jr.',68),(95,'Breanne Schmeler',83),(96,'Prof. Ulices Walsh',7),(97,'Rhianna Schmitt',65),(98,'Ignacio Schultz',40),(99,'Hudson Harvey',87),(100,'Jules Harris',86);
/*!40000 ALTER TABLE `literature` ENABLE KEYS */;
UNLOCK TABLES;

--
-- Table structure for table `notes`
--

DROP TABLE IF EXISTS `notes`;
/*!40101 SET @saved_cs_client     = @@character_set_client */;
/*!40101 SET character_set_client = utf8 */;
CREATE TABLE `notes` (
  `id` bigint(20) unsigned NOT NULL AUTO_INCREMENT,
  `body` text DEFAULT NULL,
  `articles_id` bigint(20) unsigned NOT NULL,
  PRIMARY KEY (`id`),
  KEY `articles_id` (`articles_id`),
  CONSTRAINT `notes_ibfk_1` FOREIGN KEY (`articles_id`) REFERENCES `articles` (`id`) ON DELETE CASCADE ON UPDATE CASCADE
) ENGINE=InnoDB AUTO_INCREMENT=101 DEFAULT CHARSET=utf8mb4 COLLATE=utf8mb4_unicode_ci;
/*!40101 SET character_set_client = @saved_cs_client */;

--
-- Dumping data for table `notes`
--

LOCK TABLES `notes` WRITE;
/*!40000 ALTER TABLE `notes` DISABLE KEYS */;
INSERT INTO `notes` VALUES (1,'Id suscipit animi reiciendis nesciunt dolor voluptatem eaque. Voluptatum iste suscipit aut qui molestias. In quia unde est inventore.',88),(2,'Expedita ratione qui consequuntur et rem vel. Distinctio eum et error nostrum non nemo.',8),(3,'Et soluta itaque et repellendus accusamus ducimus. Deleniti et nihil dolorem et. Et voluptas rerum ut. Animi et consequatur eos adipisci mollitia. Et sint rerum consectetur quia quo odio est.',2),(4,'Accusamus possimus et nihil unde nemo tempora nobis. Itaque cupiditate molestias quisquam sunt esse vitae rerum. Deserunt explicabo provident aperiam qui atque et. Magni accusamus dolorem aut ut necessitatibus. Quidem et optio eum consequatur et illum.',85),(5,'Ut et placeat nesciunt tempore. Provident sapiente rerum labore saepe in tempora tenetur.',21),(6,'Totam sequi modi aperiam enim eum mollitia corporis. Praesentium veritatis et tenetur autem animi est. Qui voluptatem placeat sed molestiae. Eum impedit dolores quia.',22),(7,'Enim error molestias doloribus iste cum vel. Et cumque et error.',97),(8,'Dolorem quia debitis aspernatur suscipit cupiditate. Aut omnis explicabo occaecati iure sed aperiam deleniti. Corporis illum nobis natus eum voluptas.',30),(9,'Velit occaecati doloremque est. Unde iusto dolores repellendus inventore. Molestiae dolore molestiae odio eaque. Provident libero mollitia non corrupti.',9),(10,'Officiis dolorem omnis rem officiis rerum sequi libero. Optio accusamus quo voluptate expedita accusamus. Adipisci deleniti iusto in aliquam.',44),(11,'Voluptatibus ipsum sapiente labore autem at. Ab accusamus repudiandae quos. Assumenda consequatur ut repellat quam odit et. Dolorum asperiores amet est deleniti rerum voluptas deserunt quibusdam. Distinctio repellendus corporis quam architecto explicabo.',35),(12,'Similique ratione rerum ea quod. Tempora deserunt aut non ad. Porro quis optio sunt rerum. Rerum enim totam velit aut dolor.',39),(13,'Sit inventore ex a. Id dignissimos perferendis laudantium velit voluptate. Fuga architecto aut sapiente qui cupiditate alias. Reprehenderit quaerat sit rerum voluptate.',70),(14,'Eum provident error culpa beatae aut aspernatur est molestiae. Recusandae illo quia ullam illo ad perferendis. Amet ducimus nisi vero neque amet quae.',5),(15,'Enim nulla recusandae ipsam neque cum. Quod quisquam ut et. Aut incidunt illo modi provident expedita. Et fugiat velit consequuntur ad.',73),(16,'Et fuga est voluptatem aspernatur cupiditate et. Recusandae sint fuga consequuntur animi amet ut. Nam voluptatem aut non ea a enim.',76),(17,'Illum laboriosam placeat voluptatem rerum. Vero voluptate dicta laborum qui aut. Harum incidunt ex sed rerum praesentium. Quia quo rerum laborum voluptates fugiat rerum aspernatur. Est corporis quae voluptatem necessitatibus aut.',74),(18,'Ipsum velit error omnis voluptatem atque sunt. In itaque est omnis quia necessitatibus et qui. Nemo suscipit nulla voluptatum. Sed blanditiis eum veritatis voluptatibus.',37),(19,'Commodi illum laboriosam aut provident commodi. Modi eaque porro hic sit. Voluptatem alias ipsum accusamus. Dolorem nesciunt quibusdam est ut. Nemo provident laboriosam beatae laboriosam.',43),(20,'Ipsam quia provident architecto minima aut quas quis. Qui asperiores vero omnis esse. Consectetur rerum eos repellat.',93),(21,'Consequatur architecto reiciendis repudiandae beatae culpa. Rem voluptatum id accusamus temporibus qui iure rem. Qui excepturi iste cum laboriosam voluptate.',38),(22,'Aut neque porro nihil est. Rerum in incidunt dolore eum laudantium eius.',14),(23,'Provident et sit quia magnam. Autem quo facilis officiis sed. Officia et nulla dolor expedita. Mollitia molestias vero fugit consectetur quia tempora quia modi.',38),(24,'Id aut quia doloribus minima itaque fuga deleniti optio. Officiis animi sed et voluptas repellat iste. Atque cumque aut veritatis ut sed tempora repellat.',8),(25,'Est qui provident mollitia perferendis. Et voluptatum eos provident. Esse ut tenetur itaque non maiores atque. Aut quos totam qui. Hic consequatur error delectus earum.',32),(26,'Et libero autem aut accusantium eos nostrum ducimus dolores. Ex natus sit fuga libero molestiae. Dolorem facilis quod temporibus consequatur voluptatem eos natus facere. Voluptas corrupti esse a quae velit ut.',38),(27,'Deleniti aperiam hic nobis at sunt praesentium qui. Laboriosam dicta corrupti nobis minima aut sed. Corporis sit perferendis explicabo.',5),(28,'Dignissimos error voluptatem eum iusto iusto. Et corrupti assumenda et sapiente eum odit eveniet magni. Nobis dicta impedit quaerat cupiditate non autem. Suscipit rerum earum aut ex perspiciatis ut nihil.',36),(29,'Earum aut aspernatur nisi tempora. Repellendus harum dolores quis id nihil ut est. Asperiores nesciunt aperiam fugiat deserunt. Fugit enim tempore placeat qui quia mollitia temporibus. Non fugit deleniti accusantium sit nostrum asperiores.',11),(30,'Et sequi cumque fugit perspiciatis sit ut natus. Molestiae ea magni repellat corporis fugit saepe vitae. Ratione dolorem aut ut consequatur quisquam. Excepturi esse quod adipisci beatae quis.',80),(31,'Aut autem ducimus voluptatem est. Neque doloribus in recusandae consequatur non. Qui ut modi recusandae voluptatum. Consequatur et commodi molestiae explicabo ut nobis.',36),(32,'Aut et ipsa et et. Veritatis ea suscipit hic voluptas earum quam ipsum. Nostrum aut quia illum possimus amet saepe distinctio rerum. Est corrupti consequuntur sequi hic qui sed est.',73),(33,'Eaque minus quo ut qui. Velit aut quibusdam suscipit tempora quos. Inventore et et cupiditate assumenda.',4),(34,'Eos minima fugiat non quasi ut. Aspernatur in dicta corporis placeat aliquam similique. Excepturi nihil et dolorum suscipit.',97),(35,'Asperiores voluptates dolores enim quis soluta accusantium. Qui cumque sed sed dolores. Quidem non asperiores rerum doloremque pariatur quos ratione fugit.',72),(36,'Fuga sapiente maiores recusandae qui. Provident adipisci minima nihil nam. Sed neque aut dolorum sed.',87),(37,'Sunt natus ipsam perferendis architecto velit doloribus est. Quis ut dignissimos laboriosam id. Quam error repudiandae nostrum impedit nostrum sapiente est. Itaque quos minus aperiam laboriosam sunt totam odit.',19),(38,'Ut maiores deserunt minus ullam earum consequatur et. Molestiae recusandae similique nemo est qui sunt dolores. Repellendus illum voluptate voluptas molestiae sequi repudiandae commodi magnam. Assumenda et sapiente officia et repudiandae.',10),(39,'Alias corrupti animi animi eos velit ullam. Repellendus magni incidunt neque voluptate. Odit repellat animi officia magni dolor. Et totam voluptas voluptas quia laudantium.',34),(40,'Voluptatem quo sint quae dolore labore occaecati. Molestias tempore velit omnis eveniet. Dolores deserunt sit dolore quos dolor reprehenderit. Officia asperiores tempora qui nobis.',55),(41,'Quia autem ut et est reiciendis nam omnis. Cumque et voluptatum molestiae nemo. Non dignissimos facilis quam voluptatem recusandae at qui. Est eaque qui animi mollitia enim alias adipisci.',50),(42,'Sed autem explicabo sint nulla eius et. Culpa magni est id error adipisci mollitia similique. Autem molestiae qui aspernatur est.',75),(43,'Error provident aut consequatur sapiente alias. Blanditiis facere amet hic soluta quo. Et deserunt et dignissimos eum totam minus animi voluptas.',96),(44,'Corporis ut est voluptate voluptas vel modi dolor. Porro qui iusto tempore sint dolor in. Impedit ullam nemo fugit autem est. Eligendi ut explicabo hic fuga omnis et.',79),(45,'Aut rerum ad aliquam ipsam. Quia modi dolorem quasi iure atque tempora. Et impedit nihil cum est.',74),(46,'Quos assumenda ipsam delectus quia. Consequatur quidem assumenda molestias fugit distinctio itaque molestiae recusandae. Harum eos expedita accusantium mollitia dignissimos et incidunt.',89),(47,'Est corrupti hic nemo. Sit at distinctio nemo et facere. Tenetur et et reiciendis consequatur dolores sed. Fugit asperiores magnam quia id reprehenderit ut.',21),(48,'Et sed quis qui nemo alias distinctio. Non reprehenderit dolor illum consequuntur dolores debitis dolorum.',57),(49,'Quasi itaque iste sint sequi placeat consequatur voluptatem. Quidem consequatur sint sint eos sint. Facere est occaecati et voluptas id necessitatibus saepe laboriosam.',64),(50,'Dolores molestiae repellat dignissimos quis et qui quaerat. Officia quia ducimus dolor quod vero. Facere a qui aut error facilis magnam quos. Laudantium quia soluta at perferendis ipsam distinctio rerum voluptas.',17),(51,'Consequuntur ratione et non consequuntur expedita sit illo. Porro provident distinctio et placeat incidunt id id. Illo iste cum corrupti dicta. Dignissimos aliquid maxime ullam ut assumenda provident non et.',61),(52,'Dolorum et dicta facilis voluptatem. In nam architecto quia cupiditate eos. Autem qui libero in. Officia qui quod fuga labore fugit tenetur deserunt.',41),(53,'Eligendi aut at ratione optio nisi nobis. Nam unde rerum dolor et ut. Modi amet eaque atque molestiae perferendis non quod veritatis. Nisi reprehenderit optio officia in.',66),(54,'Dolores quo sed eaque cum deleniti asperiores. Et possimus harum qui qui exercitationem incidunt aut. Assumenda aperiam et quam animi.',21),(55,'Omnis libero quod tempore dicta illo fugit et. Repellat ut dolores laboriosam vel consectetur. Perspiciatis illo harum aliquam voluptas fuga architecto voluptas sed. Et omnis officiis illo voluptates neque ea.',42),(56,'Quis quaerat modi ut similique. Vero dolor aliquid mollitia nihil soluta voluptatem quia. Qui minima impedit incidunt aliquid corporis earum.',1),(57,'Porro repellat et fuga nihil id. Molestias quia necessitatibus qui ut. Corrupti accusantium cumque atque mollitia non. Sequi neque est occaecati aliquid dolorum.',84),(58,'Alias quibusdam et ea repellendus. Quae tenetur recusandae rerum qui aliquam minus. Necessitatibus aut dolorem sequi quod nulla ut culpa.',27),(59,'Ut consectetur dicta sapiente in sunt. Neque quam porro aut illum quia aut. Culpa magni harum cumque ut consequatur qui.',29),(60,'Aliquid similique eos quod. Culpa ut repudiandae a error rem cumque vel. Consectetur vero iure assumenda aut. Voluptatum repellat voluptas sit rerum.',57),(61,'Dolor quae deleniti repudiandae qui quam. Minus qui praesentium totam est numquam consequatur quod consequatur. Unde modi et harum placeat.',31),(62,'Voluptatibus eos dolorum molestias dolore. Maiores voluptate exercitationem voluptatibus est facere aut. Expedita atque quis molestias dolores. Eum qui magnam suscipit.',89),(63,'Exercitationem est consequuntur repellendus illo dolorem et quia iure. Odio sunt asperiores voluptatem dolorum consectetur. Officiis in sed quasi pariatur ut.',9),(64,'Nobis hic error qui non sed dolores. Deserunt quidem dolor qui. Id consequatur quo nostrum animi laboriosam aliquam. Nostrum omnis quia amet sed deserunt beatae in.',79),(65,'Dolores omnis modi dolore eos laudantium. Totam et laboriosam animi. Laborum itaque deleniti natus nihil consectetur. Libero aut nemo debitis ducimus aut culpa mollitia.',88),(66,'Quis et quam impedit. Minima ad quo sit voluptatem excepturi. Dolorem et mollitia explicabo et aperiam.',100),(67,'Iusto corrupti architecto nostrum doloribus quibusdam. Aliquid nostrum odit omnis nobis quia.',4),(68,'Ut beatae quia aut nobis. Necessitatibus qui facere deserunt dignissimos assumenda laboriosam dignissimos. Repudiandae qui placeat molestias quia enim aut impedit.',100),(69,'Quod incidunt cumque voluptatibus dicta. Laborum magni qui asperiores et corporis inventore. Architecto voluptatibus suscipit doloremque fugit nesciunt amet.',39),(70,'At enim minus eaque rerum consectetur delectus. Occaecati aut quo est eum praesentium rem voluptatem. Adipisci maxime rerum quo dolores magnam assumenda.',55),(71,'Vitae illum ex alias harum. In blanditiis corporis qui autem voluptatum quo. Dolores corporis quibusdam soluta quia animi iste perspiciatis. Qui non esse hic corrupti facilis mollitia est non.',35),(72,'Vel enim hic autem minus. Et non qui totam. Minus et pariatur et voluptatem sapiente. Et quis non cupiditate et.',96),(73,'Officiis consequatur accusantium quibusdam ad recusandae ex. Mollitia debitis iste aliquid deserunt maiores. Labore aliquid laboriosam est corrupti commodi consequatur facere. Consequatur sed libero voluptatem accusamus magni velit.',81),(74,'Tempora modi explicabo eum nostrum vitae. Odit dignissimos reprehenderit sapiente cumque deserunt. Sit blanditiis a quaerat est hic placeat qui.',37),(75,'Est optio et fuga alias. Ullam a vel qui vel iure. Tempora iusto temporibus tenetur dolor molestiae consequatur perferendis.',13),(76,'Nam fuga alias numquam et ut sed modi. Voluptas quia et repudiandae omnis totam explicabo.',9),(77,'Quo earum provident ratione et non. Est sed sint voluptatem qui aut ab. Adipisci excepturi velit voluptas. Laborum sapiente nisi id debitis qui non doloremque. Voluptatem ex aut tenetur aspernatur.',19),(78,'Velit nostrum quia voluptates deserunt eligendi voluptatibus. Delectus et magnam odit voluptatem. Consequatur minus nam excepturi fuga soluta omnis optio. Consequatur et vel at et itaque alias sit.',7),(79,'Exercitationem necessitatibus minus voluptatum porro expedita. Qui voluptas expedita porro numquam numquam. Commodi et aut exercitationem consequuntur perspiciatis. Rerum distinctio et voluptatem aut.',87),(80,'Sunt sunt fuga magni perspiciatis. Perspiciatis culpa aperiam impedit voluptatem. Nemo maiores quis ullam cupiditate officiis. Odio eius ducimus aperiam incidunt fuga laudantium. Qui qui exercitationem exercitationem accusamus voluptates eligendi magni.',21),(81,'Veritatis sed aliquam qui sit sit atque quas. Nostrum veniam hic et atque quas. Numquam rerum vel non doloremque officia iure deserunt. Occaecati facere a modi voluptatum voluptas unde quia.',82),(82,'Placeat repellat cumque eaque ea voluptas rerum. Voluptatibus perspiciatis sit error hic earum molestias magnam. Unde sint architecto quam voluptatem est.',39),(83,'Minus quisquam amet quo quod fugit alias sint id. Quia ut nihil est vitae inventore eaque. Sit nihil sit quaerat dignissimos est inventore. Sed odio id deleniti laudantium.',92),(84,'Sed in dicta hic vero tempora. Corrupti harum nostrum est incidunt incidunt sed. Et ut et quas dolorem qui.',57),(85,'Odit quis nam sed voluptatum qui veniam et. Quia repellat rerum labore quia. Vitae consectetur incidunt quia molestiae dolorem quia.',38),(86,'Cum sit itaque cum quis recusandae et. Commodi enim voluptas aut beatae voluptatem mollitia. Sit quia pariatur ut occaecati. Voluptas voluptate tenetur nihil omnis.',23),(87,'Odio sit ad omnis sed. Sint quos dolor voluptas nesciunt sed ipsam eaque. Voluptatem nostrum magnam hic dolor. Fuga aliquid fuga itaque magni numquam ea labore.',2),(88,'Quibusdam iusto et ut quo aperiam. Quo tempora explicabo quia id aut sint odio. Nostrum omnis quod soluta sint.',44),(89,'Commodi et est voluptatem autem quos. Qui laudantium quia dolores. Excepturi expedita dicta est sapiente est.',94),(90,'Minus voluptatem ab mollitia unde. Tenetur quasi veritatis perferendis. Et accusamus ab blanditiis. Fugit qui totam blanditiis labore ut enim.',53),(91,'Dolore id et tempore quia ducimus omnis. Magni fugiat non voluptas porro. Fugit voluptates illum dignissimos nesciunt occaecati optio repellendus. Et dolores quam ea assumenda molestiae exercitationem reiciendis.',98),(92,'Officiis fugiat fuga non est temporibus explicabo voluptatem. Qui neque nesciunt ea qui. Est amet error incidunt eum voluptatem eum. Nisi eos explicabo voluptates blanditiis pariatur est quo. Doloremque praesentium aut non rem modi excepturi perferendis.',19),(93,'Et nulla accusamus ab amet est eaque. Repellat quis quo vero et ex id. Accusantium est dolorem unde.',80),(94,'Voluptas sapiente ut ut impedit dolor. Eum corporis sapiente iste dignissimos sit nesciunt eum. Vel ut aspernatur atque culpa.',10),(95,'At assumenda nisi unde. Ipsum sit et sed quidem harum. Magni ipsum et doloribus occaecati aperiam harum. Eius modi autem asperiores maiores.',46),(96,'Architecto et provident enim in. Natus illo rerum laudantium dolores at eos. Et quia voluptatem exercitationem velit consequatur. In enim cum qui quis.',60),(97,'Qui dicta et beatae sed est. Dolore mollitia quaerat recusandae quidem. Distinctio illum deleniti accusamus pariatur. Laudantium dicta sit quas voluptas non est dolor. Quas quia nostrum repudiandae corporis.',86),(98,'Et eos nostrum qui nisi veritatis. Et tenetur cum libero ut quo veritatis sit. Quibusdam dolor omnis impedit sed. Quam eveniet eos et necessitatibus.',54),(99,'Et voluptatem officia blanditiis harum et. Cum rerum enim velit corrupti aut sint iste. Dolore id et rerum aut illum velit accusantium. Eligendi ratione voluptate veniam quasi sit et ipsam.',14),(100,'Est fuga laboriosam molestiae quaerat voluptatibus quasi. Et nam iste atque aut. Est dolore voluptas quia sapiente. Placeat deleniti qui ea et cumque minus.',30);
/*!40000 ALTER TABLE `notes` ENABLE KEYS */;
UNLOCK TABLES;

--
-- Table structure for table `projects`
--

DROP TABLE IF EXISTS `projects`;
/*!40101 SET @saved_cs_client     = @@character_set_client */;
/*!40101 SET character_set_client = utf8 */;
CREATE TABLE `projects` (
  `id` bigint(20) unsigned NOT NULL AUTO_INCREMENT,
  `name` varchar(100) DEFAULT NULL,
  `status` enum('','','','') DEFAULT NULL,
  `articles_id` bigint(20) unsigned NOT NULL,
  `user_id` bigint(20) unsigned NOT NULL,
  `created_at` datetime DEFAULT current_timestamp(),
  PRIMARY KEY (`id`)
) ENGINE=InnoDB AUTO_INCREMENT=101 DEFAULT CHARSET=utf8mb4 COLLATE=utf8mb4_unicode_ci;
/*!40101 SET character_set_client = @saved_cs_client */;

--
-- Dumping data for table `projects`
--

LOCK TABLES `projects` WRITE;
/*!40000 ALTER TABLE `projects` DISABLE KEYS */;
INSERT INTO `projects` VALUES (1,'molestiae','',98,73,'2004-12-03 18:30:44'),(2,'necessitatibus','',13,90,'2010-02-24 14:30:08'),(3,'aut','',75,7,'2019-05-11 14:50:00'),(4,'ut','',72,67,'1978-12-15 08:17:55'),(5,'aut','',42,94,'2022-02-24 04:48:08'),(6,'sed','',95,8,'1971-02-02 11:06:32'),(7,'vitae','',7,87,'2002-04-29 10:41:00'),(8,'odio','',56,91,'1980-01-28 23:33:36'),(9,'fugit','',42,38,'2021-06-08 00:03:08'),(10,'expedita','',39,56,'2008-03-31 16:29:35'),(11,'eius','',39,85,'2013-10-13 06:07:36'),(12,'et','',30,4,'1975-02-24 07:30:01'),(13,'ab','',88,71,'1981-03-18 01:22:33'),(14,'velit','',34,61,'2018-06-08 06:22:54'),(15,'voluptas','',46,66,'1996-01-10 01:49:32'),(16,'consequatur','',61,59,'1976-04-05 14:32:43'),(17,'maiores','',73,57,'2002-02-20 09:08:59'),(18,'adipisci','',75,54,'2009-05-20 22:53:52'),(19,'sit','',65,85,'2011-10-28 15:00:30'),(20,'et','',54,68,'1995-10-25 13:34:08'),(21,'voluptatem','',13,73,'2021-06-10 20:33:56'),(22,'quasi','',27,27,'2007-07-01 15:47:58'),(23,'ducimus','',58,66,'2022-12-18 23:06:32'),(24,'velit','',24,12,'2011-04-19 03:00:31'),(25,'iure','',7,24,'1994-12-29 21:05:36'),(26,'ut','',68,76,'1994-04-11 03:50:46'),(27,'occaecati','',40,31,'1989-07-30 03:53:44'),(28,'distinctio','',36,52,'1991-07-24 04:53:12'),(29,'eos','',64,31,'1971-07-29 04:43:31'),(30,'voluptate','',38,10,'2000-04-02 12:53:43'),(31,'quia','',94,74,'1985-02-12 04:30:37'),(32,'fugiat','',15,83,'1972-07-02 17:15:52'),(33,'sunt','',87,49,'1977-10-27 23:29:21'),(34,'blanditiis','',37,69,'1976-04-02 12:16:17'),(35,'perferendis','',35,80,'1978-03-07 04:39:25'),(36,'ut','',46,18,'2007-08-31 08:52:56'),(37,'quibusdam','',33,68,'1977-07-25 10:33:57'),(38,'inventore','',45,60,'1993-12-13 18:00:39'),(39,'magnam','',78,57,'2002-07-06 17:14:03'),(40,'a','',66,90,'2002-06-01 15:48:56'),(41,'quod','',88,2,'1971-08-11 02:40:48'),(42,'velit','',82,44,'1997-07-26 09:46:33'),(43,'dolore','',87,94,'2008-05-04 04:58:41'),(44,'id','',31,93,'1993-04-17 16:00:40'),(45,'rerum','',12,72,'1997-08-27 13:12:40'),(46,'possimus','',35,3,'2014-11-29 00:01:47'),(47,'et','',40,8,'1986-02-04 21:31:08'),(48,'nihil','',75,75,'2007-09-12 10:34:58'),(49,'omnis','',57,72,'1979-12-12 09:31:18'),(50,'voluptate','',73,4,'1995-12-27 15:37:24'),(51,'aliquam','',14,36,'1995-02-06 06:13:25'),(52,'dolorem','',18,24,'2009-04-19 05:47:01'),(53,'animi','',11,100,'1995-09-04 02:40:33'),(54,'deleniti','',48,74,'1999-07-21 08:31:25'),(55,'magni','',54,13,'2002-04-13 08:33:39'),(56,'ut','',71,36,'2018-01-12 03:34:25'),(57,'qui','',89,93,'1992-05-07 22:04:06'),(58,'ut','',69,84,'1998-04-26 10:01:07'),(59,'et','',98,74,'1991-10-17 19:18:37'),(60,'at','',92,32,'2004-06-10 13:10:56'),(61,'sit','',9,53,'2010-08-08 15:58:39'),(62,'vel','',73,53,'1992-11-27 15:40:36'),(63,'repellendus','',88,76,'2016-09-30 19:23:38'),(64,'quaerat','',55,61,'2017-01-16 11:00:03'),(65,'explicabo','',4,98,'1994-07-01 05:33:20'),(66,'ut','',83,72,'1989-02-23 18:49:03'),(67,'dolorum','',35,95,'2012-01-11 19:48:57'),(68,'dolore','',15,52,'2011-09-15 12:24:20'),(69,'et','',61,34,'1981-01-15 02:21:20'),(70,'natus','',62,89,'2011-04-15 12:45:28'),(71,'fugit','',71,94,'2011-09-24 13:42:57'),(72,'sit','',90,2,'2012-10-21 04:25:47'),(73,'nisi','',60,4,'2012-02-19 07:54:25'),(74,'voluptatem','',22,33,'1986-08-16 14:40:36'),(75,'modi','',41,44,'2008-03-23 14:00:09'),(76,'eos','',61,12,'2015-06-15 07:58:03'),(77,'sit','',45,19,'2003-10-08 17:25:57'),(78,'ab','',63,41,'1987-12-22 17:24:20'),(79,'dolor','',57,51,'2011-09-20 12:30:45'),(80,'praesentium','',43,43,'1972-06-23 07:22:15'),(81,'assumenda','',70,82,'1992-02-02 14:39:21'),(82,'dolor','',28,30,'1978-05-12 07:03:34'),(83,'ea','',56,43,'2005-05-02 23:37:07'),(84,'saepe','',25,23,'2016-02-29 16:46:30'),(85,'quia','',69,37,'2021-12-26 12:55:11'),(86,'accusamus','',27,84,'2003-04-05 02:37:39'),(87,'aliquid','',21,97,'1991-01-08 08:59:05'),(88,'molestias','',57,80,'1992-07-10 05:55:08'),(89,'ut','',57,15,'2010-04-16 21:29:57'),(90,'excepturi','',53,11,'1985-09-24 22:43:31'),(91,'sed','',27,26,'1982-02-11 07:08:47'),(92,'dolorum','',24,24,'1987-01-07 11:50:48'),(93,'necessitatibus','',97,42,'1997-12-09 14:02:53'),(94,'architecto','',61,65,'1973-04-16 21:39:51'),(95,'non','',29,73,'1980-02-26 00:55:34'),(96,'voluptas','',46,93,'2021-11-30 09:41:06'),(97,'sed','',60,45,'1997-04-26 04:08:02'),(98,'necessitatibus','',11,17,'1972-10-19 23:37:51'),(99,'cum','',59,85,'2018-03-13 02:47:24'),(100,'sit','',11,64,'1997-03-07 08:42:17');
/*!40000 ALTER TABLE `projects` ENABLE KEYS */;
UNLOCK TABLES;

--
-- Table structure for table `projects_articles`
--

DROP TABLE IF EXISTS `projects_articles`;
/*!40101 SET @saved_cs_client     = @@character_set_client */;
/*!40101 SET character_set_client = utf8 */;
CREATE TABLE `projects_articles` (
  `projects_id` bigint(20) unsigned NOT NULL,
  `articles_id` bigint(20) unsigned NOT NULL,
  PRIMARY KEY (`projects_id`,`articles_id`),
  KEY `articles_id` (`articles_id`),
  CONSTRAINT `projects_articles_ibfk_1` FOREIGN KEY (`projects_id`) REFERENCES `projects` (`id`) ON DELETE CASCADE ON UPDATE CASCADE,
  CONSTRAINT `projects_articles_ibfk_2` FOREIGN KEY (`articles_id`) REFERENCES `articles` (`id`) ON DELETE CASCADE ON UPDATE CASCADE
) ENGINE=InnoDB DEFAULT CHARSET=utf8mb4 COLLATE=utf8mb4_unicode_ci;
/*!40101 SET character_set_client = @saved_cs_client */;

--
-- Dumping data for table `projects_articles`
--

LOCK TABLES `projects_articles` WRITE;
/*!40000 ALTER TABLE `projects_articles` DISABLE KEYS */;
INSERT INTO `projects_articles` VALUES (1,1),(2,2),(3,3),(4,4),(5,5),(6,6),(7,7),(8,8),(9,9),(10,10),(11,11),(12,12),(13,13),(14,14),(15,15),(16,16),(17,17),(18,18),(19,19),(20,20),(21,21),(22,22),(23,23),(24,24),(25,25),(26,26),(27,27),(28,28),(29,29),(30,30),(31,31),(32,32),(33,33),(34,34),(35,35),(36,36),(37,37),(38,38),(39,39),(40,40),(41,41),(42,42),(43,43),(44,44),(45,45),(46,46),(47,47),(48,48),(49,49),(50,50),(51,51),(52,52),(53,53),(54,54),(55,55),(56,56),(57,57),(58,58),(59,59),(60,60),(61,61),(62,62),(63,63),(64,64),(65,65),(66,66),(67,67),(68,68),(69,69),(70,70),(71,71),(72,72),(73,73),(74,74),(75,75),(76,76),(77,77),(78,78),(79,79),(80,80),(81,81),(82,82),(83,83),(84,84),(85,85),(86,86),(87,87),(88,88),(89,89),(90,90),(91,91),(92,92),(93,93),(94,94),(95,95),(96,96),(97,97),(98,98),(99,99),(100,100);
/*!40000 ALTER TABLE `projects_articles` ENABLE KEYS */;
UNLOCK TABLES;

--
-- Table structure for table `users`
--

DROP TABLE IF EXISTS `users`;
/*!40101 SET @saved_cs_client     = @@character_set_client */;
/*!40101 SET character_set_client = utf8 */;
CREATE TABLE `users` (
  `id` bigint(20) unsigned NOT NULL AUTO_INCREMENT,
  `firstname` varchar(100) DEFAULT NULL,
  `lastname` varchar(100) DEFAULT NULL,
  `email` varchar(120) DEFAULT NULL,
  `password_hash` varchar(100) DEFAULT NULL,
  `phone` bigint(20) unsigned DEFAULT NULL,
  `is_deleted` bit(1) DEFAULT b'0',
  PRIMARY KEY (`id`),
  UNIQUE KEY `email` (`email`)
) ENGINE=InnoDB AUTO_INCREMENT=101 DEFAULT CHARSET=utf8mb4 COLLATE=utf8mb4_unicode_ci;
/*!40101 SET character_set_client = @saved_cs_client */;

--
-- Dumping data for table `users`
--

LOCK TABLES `users` WRITE;
/*!40000 ALTER TABLE `users` DISABLE KEYS */;
INSERT INTO `users` VALUES (1,'Jerel','Ankunding','o\'conner.nathaniel@example.com','a9804e923f899a9d9e20791621e95df244a39acc',9263758940,'\0'),(2,'Christina','Kunze','vgoyette@example.org','95d81db8e066972d7c496e21f9ad20af31331e43',9086766288,'\0'),(3,'Jarrod','Strosin','cremin.zella@example.com','807ddd889257cc6ac691f6ac1329f4907aa81824',9425263059,''),(4,'Obie','Jones','ydickens@example.net','09b1b1064571c98026a69d47cd9c2dee5e3ec790',9367127532,''),(5,'Jayson','Renner','sammy37@example.org','e7a88f9cbef21ded54e94aefc8f1a6c350ebb3c3',9371843684,'\0'),(6,'Donnell','Mann','apfannerstill@example.org','c9f68dcc2f39d4514338a5ff13ceee58220a996f',9841449829,''),(7,'Mafalda','Raynor','ajohnston@example.org','4bd2ae3130e5fb1590588d5ddba4db7630546447',9731155913,''),(8,'Otha','Lockman','monahan.ava@example.org','56f637ac67897f8f50cd0a549f9acfa1b24a53a4',9629798898,'\0'),(9,'Alexandre','Stamm','emard.skylar@example.net','da288701542dd3478565a132936aa1b1bfd124fe',9877950832,'\0'),(10,'Fiona','Hahn','turner02@example.com','86f25418153bab0aafcd824edf160d201aa4d0fc',9268351460,''),(11,'Hassie','Bogisich','darrick21@example.net','2800a76a0f79817704e90da6a8d359259927e9a4',9363862635,''),(12,'Amani','Murphy','brionna70@example.org','b3047d15af55e5ed8efd257e7e58233516e3daac',9298446788,''),(13,'Clinton','Okuneva','gutkowski.junior@example.org','c7c9fa21aa2dfb4755efd3181c87042e6cd00000',9950153373,''),(14,'Lia','Corkery','aida27@example.com','1bdcb3e41de6e802897fca380c08c6acaa50edd3',9771013149,''),(15,'Dalton','Brakus','carrie.morissette@example.com','e8fec65be1ac0e9f4aaf4e1cb5d1981274bfbbaf',9675042819,''),(16,'Michele','Schinner','tlowe@example.com','d18d828b2e14b90bd8f81a3396dd9a3d55772f9d',9640718342,'\0'),(17,'Kenna','Ruecker','qwilkinson@example.org','5ba4704104c2eb13e51bfe0130e12ee1a21ca40c',9709152969,''),(18,'Xavier','Koelpin','rogers.johnston@example.net','e38c3bc2a9ebd8fba8c9f4bae2bbbac11c15a4b3',9751275300,''),(19,'Furman','Kuhlman','chelsea.ledner@example.com','b102612ab47b7a0ff117c13d3d03d33ca37f5826',9740309062,''),(20,'Bartholome','Schaden','volkman.estel@example.net','67d5dcd22224d83dd2fbe8b9be9e454456ea17a7',9613029634,''),(21,'Cary','Powlowski','stehr.bell@example.com','4b52f5a0842e0e2d1d25e12d8b0869de196b0c42',9147042389,'\0'),(22,'Harley','Rutherford','lowe.izabella@example.com','19b9e7d0d540ec1191f4597dfeecee5fc7e8ad24',9618318543,''),(23,'Wilson','Romaguera','zechariah29@example.net','aed4d693c9533408f63c4d23b59f9ba6db1eca70',9956872184,'\0'),(24,'Vesta','VonRueden','devin86@example.com','94ddd73a703d504fb3ec5673faf9e6b2d77316b4',9929977532,'\0'),(25,'Gertrude','Boyer','wfay@example.org','5e01b4ae70fc1559ba5fbfe04d6224568943420a',9552264977,''),(26,'Lori','Eichmann','ibogan@example.com','4ef9f7f095d611872e07092f3aa1c8949f4a8277',9405081071,''),(27,'Angela','Batz','gutmann.jade@example.com','e0a198675c3f8d8d6149d27bbb6db68d46efbdc3',9704887936,'\0'),(28,'Chanel','Rau','aylin91@example.com','18bfde9d83e29a47f068ca9f884d29a7a983a4c1',9150590660,'\0'),(29,'Hiram','Kertzmann','mann.diamond@example.net','ff9610e36d067d7b1e29c7f644ccb7e0e2c8cd29',9263359184,''),(30,'Shanel','Kutch','julia.wiegand@example.org','92838bd5dae18ed103922eb6c19db06492c0c2ba',9256689925,''),(31,'Janice','Schulist','joany.deckow@example.org','ba55302f2160701930227681984b87209349410c',9609290655,'\0'),(32,'Edna','Cronin','rogers49@example.org','a8657ad501804194d50b9560bf9961ec75aa8bfd',9157322457,''),(33,'Nedra','Hoppe','vida.mertz@example.org','3697cd914625b86b200c9d4a2e085601685377f6',9189610959,''),(34,'Maximus','Pouros','kroob@example.com','d6b7036aed73fa4b5a24904fc633285e10f8af47',9014448220,'\0'),(35,'Roma','Borer','lschuppe@example.net','31a403e9b1785128abc6598dc7a48f2fa281a077',9994003819,'\0'),(36,'Lorenza','Hintz','gisselle.bashirian@example.org','f0fe84d94a6434fc39a12e86626a601bb802f630',9940419443,'\0'),(37,'Monty','Greenfelder','adams.gus@example.org','0b2dadb5ada79729528cbda5c0dfc1ab7457ce82',9571657561,'\0'),(38,'Harmon','Gutkowski','pbeier@example.net','5bd46a45f56ae3136841511b4405918d3191fe36',9390343779,'\0'),(39,'Rahul','Eichmann','feeney.robyn@example.org','2ca3ef95f0c1ba7516830a1a3257b5381dbcf630',9308905957,'\0'),(40,'Cassie','Schuppe','mac.davis@example.com','0d5ee3fae10e412fa61394c39aa5ebddbb320999',9095569137,'\0'),(41,'Evalyn','Satterfield','mazie89@example.net','18f347755c91eecc24c466948ec8e63136f4a3e2',9707165587,''),(42,'Alayna','Schumm','pdickinson@example.com','e0d6872ddc487c2f9f71752b3549ddc142a48bc4',9356033063,''),(43,'Angelo','Beier','duane47@example.org','7f029054a66c2908d58a81b4ff4595bb66b6d396',9548709840,''),(44,'Vella','Walter','trenton54@example.net','c23ae64ead8400b4a376ecd79e724a6cda55a039',9567601490,''),(45,'Cordie','Conroy','franecki.mariela@example.com','8748d9d2305a465807f8c0a626675682a1e3e28a',9726212076,'\0'),(46,'Helene','Moen','zgerlach@example.net','00cf9e8025e08863a5cff88408f8fe67397abc08',9340112009,'\0'),(47,'Krystel','Lockman','alycia49@example.net','6a8be51d783b4d5c5f2d0308aa67b09224c66887',9492706036,'\0'),(48,'Burnice','Gleichner','schmeler.ciara@example.org','fd2b3f952de4d07ec776abf96bb4162c4d2285ba',9226879978,''),(49,'Dana','Tremblay','o\'connell.kennith@example.net','c67b94134f425e7c50f2eb3dd9f6b198130bd5a7',9161927406,''),(50,'Madelynn','Langworth','nash20@example.com','fc34618f2328fc2f5541ccd853a40ac931fbd18e',9705154677,''),(51,'Dave','Lang','marianna.zieme@example.org','7ccd28d8461876837d3f07c7131ad9d7ac0f4912',9407825574,'\0'),(52,'Whitney','Ernser','smith.shad@example.org','cec99f4261b5b78f623c346b0106008686acaf2d',9735508747,'\0'),(53,'Ethel','Legros','collier.lyda@example.net','031189b721d670026f7749d652d77e57de6d3ea6',9433130484,''),(54,'Domenic','Hartmann','alejandrin19@example.org','ba4cb0caddfdc7ea5024c5bbb5c56d4465b07f9b',9450342600,''),(55,'Donnell','Marquardt','kessler.nathaniel@example.com','74d04e682c64b32f77cbfb66f5057cffe3f383c6',9632741727,'\0'),(56,'Camren','Jast','estrella.deckow@example.org','8451ae06371c9a7913db8cdc663d51a263a819f5',9603644697,'\0'),(57,'Alfredo','Cronin','juana05@example.com','d93cba21729d801006b7d6af6c591fb97f09fdec',9647856016,''),(58,'Lorena','Hayes','josianne.durgan@example.net','1e8bfc2f5e26baed047b50eb3767bbe26fb47790',9887323597,'\0'),(59,'Rosalee','Dibbert','barney.braun@example.com','91fd243396b86c851f02198a34bba079be6c6273',9850590827,'\0'),(60,'Karley','Bernhard','aufderhar.camille@example.com','dc8782465b349ed4c87996e260279be6ad8f31ed',9541172702,''),(61,'Kenya','Heathcote','robel.jamir@example.com','ed98151bc0021a298c35169fe77adef13f7ac73d',9211979208,'\0'),(62,'Peter','Hudson','candace55@example.com','142084b9247fbba2249cba2effdb059d961a2ed6',9757947475,'\0'),(63,'Napoleon','Douglas','brenden06@example.com','173e3e4ed9737099f193c427c60f48adb5b905b6',9568613191,''),(64,'Noemy','Mohr','wlangosh@example.org','93cd7e4a92d9be1b112a94cd16627c7bdf208c8b',9399958116,''),(65,'Uriah','Robel','rodriguez.trudie@example.org','2ba2887eb84a63d3fc591b5521e4824096bd872b',9277986733,''),(66,'Susie','Herzog','juston10@example.net','770721cc6efb814f8c68a9225134ca5b08252e92',9448116401,''),(67,'Abbie','Crist','arielle23@example.net','9b3d8ed4f644131f340af82f568c22b9f56eafe2',9394156717,''),(68,'Keenan','Haley','antoinette56@example.org','60dc3e88f46c803f9bdab425c5ce223090548aca',9554617687,''),(69,'Kaylee','Shields','nyah63@example.org','c64a5c5ee74f647d7f6e7892852663744a9895df',9384934322,'\0'),(70,'Mabelle','Daniel','uwillms@example.net','ff34db1b7f59ff76de1334d605e99ce60d1dd71d',9884418949,''),(71,'Jacey','Barrows','marks.mervin@example.net','58743ea3ad28e20490a41e122d4130da3ee61b04',9109921087,''),(72,'Tyshawn','Hagenes','howe.monserrate@example.org','0fe000c8afc4b02cd6bf61256ab2c8839c3f3e74',9517230125,''),(73,'Stewart','Metz','norval29@example.com','ea9a8391b96e01da455429d08e014e16accdcaf4',9486994350,'\0'),(74,'Kylee','Fadel','davis.dewitt@example.org','5e291d1f4ea22ff71441ca2f5ba9f63ca858887a',9969880817,'\0'),(75,'Moriah','Hermiston','hrempel@example.net','f40460f387f5862e8777ce6b76ef2fff8bc34c29',9606074737,''),(76,'Madilyn','Stehr','rdurgan@example.com','65f4186728e9d98c98556ba49acf82466720d8a9',9507710333,''),(77,'Elroy','Collier','dortha00@example.org','36e137678a9f402a52092f15d973aa953c437417',9839993862,''),(78,'Jazmin','Conroy','vandervort.susan@example.com','b77657c338d3ab308e4ea4e1ab060a8e90557da9',9247816615,'\0'),(79,'Justina','Zieme','kaelyn40@example.com','448b47cb008e8a4137c64bfd2cdc9c1c693110a7',9032859708,''),(80,'Doyle','Stracke','bsenger@example.com','a1008be2f3fa7b39b3b8b24335a822f3056fb1a8',9608075298,'\0'),(81,'Kellen','Rempel','jeramy13@example.org','d2b8f18076f2ca9c39544305808871a56b34119c',9731421062,'\0'),(82,'Edmund','Hickle','marie55@example.com','72fbd3ce737542877a33dec616822d66179fa363',9488740932,''),(83,'Grover','Schinner','johathan.jenkins@example.com','1aecfed72c8c58517c52a26bf2441784391f47d6',9626479612,''),(84,'Taylor','Predovic','heidenreich.graciela@example.com','3443734136643e1fc7217deb1150c676571d49c7',9653897573,'\0'),(85,'Lue','Dietrich','gwisozk@example.org','42a4c36a2ce3e581a2f4148713be981251dd8e64',9923828370,'\0'),(86,'Yoshiko','Keeling','maymie08@example.net','c7b8501c2e9144acd37c58019416c1d50d076ffd',9425551791,'\0'),(87,'Trystan','O\'Conner','hmedhurst@example.com','9c6559d7c96aea4946511581d29651e96b904adf',9612404317,'\0'),(88,'Jace','Hansen','o\'conner.luigi@example.net','c49f8002443a0a604981a0bdf3a90bfc8d4eaf05',9393162088,''),(89,'Briana','Konopelski','corkery.sheridan@example.org','06608ee7cb791dc586a9d15f239ff7f17e999dbf',9594243137,''),(90,'Maynard','Hoppe','richmond05@example.net','d8c006a44425b003ccd1fa2e07e2f502e6ba07a5',9238978187,'\0'),(91,'Lelah','Bashirian','carey19@example.com','0eb1fc4865cc432a0ae9ac757b2feb6e96834c45',9364062990,'\0'),(92,'Russell','Langosh','hudson.chance@example.org','12cf6575930354cb7be6783e21b134b2ac14f64f',9564964472,''),(93,'Rosanna','Gibson','tyra.marvin@example.net','8a157bdb7fb0bcb2942f1706139ae75139712f09',9500295687,''),(94,'Bridgette','Kozey','pwolff@example.net','6a26236aba404b2bcef3ac07833dcea9c6d6ca44',9033912661,'\0'),(95,'Jarrett','Boyle','kamren.stracke@example.com','e261be0aa52f49b0cb733a3a0dc3a7d93db897a3',9614616409,''),(96,'Alexzander','Hoppe','mills.kelsi@example.net','a172933129537505159b3aa340eaa8ede7ee83c8',9889791574,'\0'),(97,'Alfreda','Smitham','walker.emie@example.com','40ba13857314eea313c813b30d3b10a5f5779914',9844344317,''),(98,'Tamara','Sipes','damien.senger@example.net','e1b90bd44b7e6ac21b3a81d756f1fcf5e65649d2',9925944558,''),(99,'Consuelo','O\'Conner','stanton.fermin@example.org','e8a6640cbccc46718c1d63ba5596cb9b0ab88ab5',9607360825,''),(100,'Kayli','Turner','ycronin@example.net','ae396d46d49f10cc5af4d6983e3e3ced986b8d3c',9637088067,'\0');
/*!40000 ALTER TABLE `users` ENABLE KEYS */;
UNLOCK TABLES;
/*!40103 SET TIME_ZONE=@OLD_TIME_ZONE */;

/*!40101 SET SQL_MODE=@OLD_SQL_MODE */;
/*!40014 SET FOREIGN_KEY_CHECKS=@OLD_FOREIGN_KEY_CHECKS */;
/*!40014 SET UNIQUE_CHECKS=@OLD_UNIQUE_CHECKS */;
/*!40101 SET CHARACTER_SET_CLIENT=@OLD_CHARACTER_SET_CLIENT */;
/*!40101 SET CHARACTER_SET_RESULTS=@OLD_CHARACTER_SET_RESULTS */;
/*!40101 SET COLLATION_CONNECTION=@OLD_COLLATION_CONNECTION */;
/*!40111 SET SQL_NOTES=@OLD_SQL_NOTES */;

-- Dump completed on 2023-05-31 13:25:15
